id_x,id_y,matches,corner cases,
bookuber_19467,Trip_advisor_51809,TRUE,3+,
bookuber_23958,Trip_advisor_70302,TRUE,3+,
bookuber_6386,Trip_advisor_60464,FALSE,3-,
bookuber_18498,Trip_advisor_70918,FALSE,3-,
bookuber_16720,Trip_advisor_28591,TRUE,3+,
bookuber_21667,Trip_advisor_27537,TRUE,3+,
bookuber_23669,Trip_advisor_6055,TRUE,3+,
bookuber_16018,Trip_advisor_27845,FALSE,3-,
bookuber_24236,Trip_advisor_58326,TRUE,3+,
bookuber_18519,Trip_advisor_13900,TRUE,3+,
bookuber_14847,Trip_advisor_13900,TRUE,3+,
bookuber_5743,Trip_advisor_74049,TRUE,3+,
bookuber_18239,Trip_advisor_51809,TRUE,3+,
bookuber_9409,Trip_advisor_71813,TRUE,3+,
bookuber_17213,Trip_advisor_27845,FALSE,3-,
bookuber_3590,Trip_advisor_51438,TRUE,3+,
bookuber_22486,Trip_advisor_58467,TRUE,3+,
bookuber_19777,Trip_advisor_27600,FALSE,3-,
bookuber_3609,Trip_advisor_74649,FALSE,3-,
bookuber_12917,Trip_advisor_70739,TRUE,3+,
bookuber_11975,Trip_advisor_52895,FALSE,3-,
bookuber_19984,Trip_advisor_74875,TRUE,3+,
bookuber_15937,Trip_advisor_75179,TRUE,3+,
bookuber_22977,Trip_advisor_27537,TRUE,3+,
bookuber_18250,Trip_advisor_13824,TRUE,3+,
bookuber_24282,Trip_advisor_2952,TRUE,3+,
bookuber_25208,Trip_advisor_60464,FALSE,3-,
bookuber_21411,Trip_advisor_75179,TRUE,3+,
bookuber_7827,Trip_advisor_19201,FALSE,3-,
bookuber_1406,Trip_advisor_75300,TRUE,3+,
bookuber_10380,Trip_advisor_19358,FALSE,3-,
bookuber_18111,Trip_advisor_71166,TRUE,3+,
bookuber_21565,Trip_advisor_53302,TRUE,3+,
bookuber_25375,Trip_advisor_76659,FALSE,3-,
bookuber_18857,Trip_advisor_2952,TRUE,3+,
bookuber_17326,Trip_advisor_12196,TRUE,3+,
bookuber_20136,Trip_advisor_29558,TRUE,3+,
bookuber_19229,Trip_advisor_27633,TRUE,3+,
bookuber_25531,Trip_advisor_12094,TRUE,3+,
bookuber_10082,Trip_advisor_73309,FALSE,3-,
bookuber_19501,Trip_advisor_72246,TRUE,3+,
bookuber_24829,Trip_advisor_14661,TRUE,3+,
bookuber_23938,Trip_advisor_80772,FALSE,3-,
bookuber_25301,Trip_advisor_6055,TRUE,3+,
bookuber_14892,Trip_advisor_75179,TRUE,3+,
bookuber_23988,Trip_advisor_27581,TRUE,3+,
bookuber_16097,Trip_advisor_27642,TRUE,3+,
bookuber_25326,Trip_advisor_70500,TRUE,3+,
bookuber_10082,Trip_advisor_74792,FALSE,3-,
bookuber_5803,Trip_advisor_81642,TRUE,3+,
bookuber_14880,Trip_advisor_30326,TRUE,3+,
bookuber_21476,Trip_advisor_59168,FALSE,3-,
bookuber_17908,Trip_advisor_59403,FALSE,3-,
bookuber_24304,Trip_advisor_70326,TRUE,3+,
bookuber_15267,Trip_advisor_80772,FALSE,3-,
bookuber_17627,Trip_advisor_58326,TRUE,3+,
bookuber_21476,Trip_advisor_60010,TRUE,3+,
bookuber_25142,Trip_advisor_81973,FALSE,3-,
bookuber_18371,Trip_advisor_11797,TRUE,3+,
bookuber_22278,Trip_advisor_30220,TRUE,3+,
bookuber_16694,Trip_advisor_27871,TRUE,3+,
bookuber_12026,Trip_advisor_70686,FALSE,3-,
bookuber_11731,Trip_advisor_74049,TRUE,3+,
bookuber_16569,Trip_advisor_27581,TRUE,3+,
bookuber_15341,Trip_advisor_72963,TRUE,3+,
bookuber_23310,Trip_advisor_92796,TRUE,3+,duplicates
bookuber_14959,Trip_advisor_92796,TRUE,3+,
bookuber_20805,Trip_advisor_29747,TRUE,3+,
bookuber_17183,Trip_advisor_30326,TRUE,3+,
bookuber_17811,Trip_advisor_79871,FALSE,3-,
bookuber_17411,Trip_advisor_27871,TRUE,3+,
bookuber_15743,Trip_advisor_30220,TRUE,3+,
bookuber_21361,Trip_advisor_30109,TRUE,3+,
bookuber_25087,Trip_advisor_56730,TRUE,3+,
bookuber_15882,Trip_advisor_30261,TRUE,3+,
bookuber_12026,Trip_advisor_73201,TRUE,3+,
bookuber_14896,Trip_advisor_30220,TRUE,3+,
bookuber_21526,Trip_advisor_54426,TRUE,3+,
bookuber_23420,Trip_advisor_70918,FALSE,3-,
bookuber_17595,Trip_advisor_53309,TRUE,3+,
bookuber_18468,Trip_advisor_30261,TRUE,3+,
bookuber_23276,Trip_advisor_54421,TRUE,3+,
bookuber_20513,Trip_advisor_71166,TRUE,3+,
bookuber_15247,Trip_advisor_20175,FALSE,3-,
bookuber_9478,Trip_advisor_6444,TRUE,3+,
bookuber_19934,Trip_advisor_73651,FALSE,3-,
bookuber_18990,Trip_advisor_27485,TRUE,3+,
bookuber_23238,Trip_advisor_20175,FALSE,3-,
bookuber_22969,Trip_advisor_70918,FALSE,3-,
bookuber_24307,Trip_advisor_12019,TRUE,3+,
bookuber_25315,Trip_advisor_60010,FALSE,3-,
bookuber_14821,Trip_advisor_27485,TRUE,3+,
bookuber_17223,Trip_advisor_27485,TRUE,3+,
bookuber_6552,Trip_advisor_74792,FALSE,3-,
bookuber_23970,Trip_advisor_73062,FALSE,3-,
bookuber_16962,Trip_advisor_30254,TRUE,3+,
bookuber_4067,Trip_advisor_60464,TRUE,3+,
bookuber_15149,Trip_advisor_12249,TRUE,3+,
bookuber_15149,Trip_advisor_12297,TRUE,3+,
bookuber_16232,Trip_advisor_57440,FALSE,3-,
bookuber_19447,Trip_advisor_70808,TRUE,3+,
bookuber_16285,Trip_advisor_73645,FALSE,3-,
bookuber_22566,Trip_advisor_11913,TRUE,3+,
bookuber_1044,Trip_advisor_75439,TRUE,3+,
bookuber_24,Trip_advisor_78052,FALSE,3-,
bookuber_19899,Trip_advisor_73062,FALSE,3-,
bookuber_15053,Trip_advisor_50607,TRUE,3+,
bookuber_15918,Trip_advisor_59196,TRUE,3+,
bookuber_21777,Trip_advisor_73651,FALSE,3-,
bookuber_23175,Trip_advisor_59168,FALSE,3-,
bookuber_12026,Trip_advisor_78790,TRUE,3+,difficult
bookuber_17226,Trip_advisor_27544,TRUE,3+,
bookuber_22232,Trip_advisor_11797,TRUE,3+,
bookuber_20954,Trip_advisor_74112,FALSE,3-,
bookuber_23175,Trip_advisor_60010,TRUE,3+,
bookuber_15049,Trip_advisor_28476,TRUE,3+,
bookuber_17163,Trip_advisor_51809,TRUE,3+,
bookuber_15111,Trip_advisor_56730,TRUE,3+,
bookuber_23865,Trip_advisor_27642,TRUE,3+,
bookuber_19798,Trip_advisor_79871,FALSE,3-,
bookuber_6552,Trip_advisor_73309,FALSE,3-,
bookuber_1324,Trip_advisor_57876,FALSE,3-,
bookuber_18253,Trip_advisor_77456,TRUE,3+,
bookuber_25315,Trip_advisor_59168,TRUE,3+,
bookuber_16190,Trip_advisor_14661,TRUE,3+,
bookuber_15712,Trip_advisor_28591,TRUE,3+,
bookuber_396,Trip_advisor_56164,TRUE,3+,duplicates
bookuber_24840,Trip_advisor_59168,TRUE,3+,
bookuber_21627,Trip_advisor_27919,TRUE,3+,
bookuber_24840,Trip_advisor_60010,FALSE,3-,
bookuber_25365,Trip_advisor_50607,TRUE,3+,
bookuber_21354,Trip_advisor_28479,TRUE,3+,
bookuber_14276,Trip_advisor_53710,FALSE,3-,
bookuber_20006,Trip_advisor_28476,TRUE,3+,
bookuber_1324,Trip_advisor_56064,TRUE,3+,
bookuber_6869,Trip_advisor_106,TRUE,,
bookuber_9242,Trip_advisor_111,TRUE,,
bookuber_2214,Trip_advisor_567,TRUE,,
bookuber_8797,Trip_advisor_570,TRUE,,
bookuber_24996,Trip_advisor_1054,TRUE,,
bookuber_4322,Trip_advisor_1558,TRUE,,
bookuber_4974,Trip_advisor_1697,TRUE,,
bookuber_20176,Trip_advisor_4691,TRUE,,
bookuber_24212,Trip_advisor_4691,TRUE,,
bookuber_16532,Trip_advisor_4699,TRUE,,
bookuber_24457,Trip_advisor_4699,TRUE,,
bookuber_19892,Trip_advisor_4793,TRUE,,
bookuber_20002,Trip_advisor_4907,TRUE,,
bookuber_16075,Trip_advisor_4933,TRUE,,
bookuber_15735,Trip_advisor_4964,TRUE,,
bookuber_18183,Trip_advisor_5028,TRUE,,
bookuber_24541,Trip_advisor_5108,TRUE,,
bookuber_20501,Trip_advisor_5182,TRUE,,
bookuber_21106,Trip_advisor_5182,TRUE,,
bookuber_18407,Trip_advisor_5314,TRUE,,
bookuber_24064,Trip_advisor_5314,TRUE,,
bookuber_17474,Trip_advisor_5383,TRUE,,
bookuber_19734,Trip_advisor_5383,TRUE,,
bookuber_17193,Trip_advisor_5409,TRUE,,
bookuber_18182,Trip_advisor_5409,TRUE,,
bookuber_15552,Trip_advisor_5494,TRUE,,
bookuber_24884,Trip_advisor_5500,TRUE,,
bookuber_14830,Trip_advisor_5695,TRUE,,
bookuber_16960,Trip_advisor_6092,TRUE,,
bookuber_17596,Trip_advisor_6092,TRUE,,
bookuber_23922,Trip_advisor_6092,TRUE,,
bookuber_20637,Trip_advisor_6553,TRUE,,
bookuber_17029,Trip_advisor_7058,TRUE,,
bookuber_20426,Trip_advisor_7125,TRUE,,
bookuber_15357,Trip_advisor_7148,TRUE,,
bookuber_16982,Trip_advisor_7148,TRUE,,
bookuber_24615,Trip_advisor_7369,TRUE,,
bookuber_22180,Trip_advisor_7928,TRUE,,
bookuber_20540,Trip_advisor_8377,TRUE,,
bookuber_23404,Trip_advisor_11823,TRUE,,
bookuber_22028,Trip_advisor_11831,TRUE,,
bookuber_18028,Trip_advisor_11869,TRUE,,
bookuber_25125,Trip_advisor_11869,TRUE,,
bookuber_16175,Trip_advisor_11873,TRUE,,
bookuber_18529,Trip_advisor_11958,TRUE,,
bookuber_22822,Trip_advisor_12167,TRUE,,
bookuber_17259,Trip_advisor_12201,TRUE,,
bookuber_17903,Trip_advisor_12201,TRUE,,
bookuber_25426,Trip_advisor_12201,TRUE,,
bookuber_15092,Trip_advisor_12255,TRUE,,
bookuber_19891,Trip_advisor_12255,TRUE,,
bookuber_20355,Trip_advisor_12418,TRUE,,
bookuber_25496,Trip_advisor_12418,TRUE,,
bookuber_21878,Trip_advisor_12721,TRUE,,
bookuber_20250,Trip_advisor_13614,TRUE,,
bookuber_20939,Trip_advisor_13828,TRUE,,
bookuber_14021,Trip_advisor_17655,TRUE,,
bookuber_19574,Trip_advisor_25990,TRUE,,
bookuber_6032,Trip_advisor_26004,TRUE,,
bookuber_4542,Trip_advisor_26179,TRUE,,
bookuber_7069,Trip_advisor_26217,TRUE,,
bookuber_3855,Trip_advisor_26397,TRUE,,
bookuber_13391,Trip_advisor_26523,TRUE,,
bookuber_24698,Trip_advisor_26651,TRUE,,
bookuber_25334,Trip_advisor_26651,TRUE,,
bookuber_2085,Trip_advisor_26813,TRUE,,
bookuber_7657,Trip_advisor_26845,TRUE,,
bookuber_2595,Trip_advisor_27285,TRUE,,
bookuber_13392,Trip_advisor_27232,TRUE,,
bookuber_5432,Trip_advisor_27336,TRUE,,
bookuber_15897,Trip_advisor_27495,TRUE,,
bookuber_23659,Trip_advisor_27495,TRUE,,
bookuber_23939,Trip_advisor_27495,TRUE,,
bookuber_19777,Trip_advisor_27551,TRUE,,
bookuber_19628,Trip_advisor_27554,TRUE,,
bookuber_25619,Trip_advisor_27554,TRUE,,
bookuber_21847,Trip_advisor_27648,TRUE,,
bookuber_18960,Trip_advisor_27683,TRUE,,
bookuber_21908,Trip_advisor_27683,TRUE,,
bookuber_19822,Trip_advisor_27729,TRUE,,
bookuber_20202,Trip_advisor_27747,TRUE,,
bookuber_20999,Trip_advisor_27747,TRUE,,
bookuber_18780,Trip_advisor_27799,TRUE,,
bookuber_19000,Trip_advisor_27860,TRUE,,
bookuber_20774,Trip_advisor_27860,TRUE,,
bookuber_17626,Trip_advisor_28018,TRUE,,
bookuber_20569,Trip_advisor_28172,TRUE,,
bookuber_24743,Trip_advisor_28172,TRUE,,
bookuber_25642,Trip_advisor_28172,TRUE,,
bookuber_24196,Trip_advisor_28463,TRUE,,
bookuber_16868,Trip_advisor_28793,TRUE,,
bookuber_20557,Trip_advisor_28793,TRUE,,
bookuber_15429,Trip_advisor_28799,TRUE,,
bookuber_19900,Trip_advisor_28799,TRUE,,
bookuber_20085,Trip_advisor_28799,TRUE,,
bookuber_15882,Trip_advisor_30310,TRUE,,
bookuber_18468,Trip_advisor_30310,TRUE,,
bookuber_25423,Trip_advisor_35698,TRUE,,
bookuber_18134,Trip_advisor_35770,TRUE,,
bookuber_21729,Trip_advisor_35778,TRUE,,
bookuber_23043,Trip_advisor_35778,TRUE,,
bookuber_24126,Trip_advisor_35778,TRUE,,
bookuber_16884,Trip_advisor_35814,TRUE,,
bookuber_19338,Trip_advisor_35833,TRUE,,
bookuber_21756,Trip_advisor_35833,TRUE,,
bookuber_18372,Trip_advisor_36049,TRUE,,
bookuber_20027,Trip_advisor_36049,TRUE,,
bookuber_21258,Trip_advisor_36049,TRUE,,
bookuber_22483,Trip_advisor_36049,TRUE,,
bookuber_24474,Trip_advisor_36108,TRUE,,
bookuber_7658,Trip_advisor_36143,TRUE,,
bookuber_18083,Trip_advisor_36154,TRUE,,
bookuber_22127,Trip_advisor_36154,TRUE,,
bookuber_24960,Trip_advisor_36154,TRUE,,
bookuber_16750,Trip_advisor_36175,TRUE,,
bookuber_18307,Trip_advisor_36175,TRUE,,
bookuber_18945,Trip_advisor_36213,TRUE,,
bookuber_21145,Trip_advisor_36213,TRUE,,
bookuber_24696,Trip_advisor_36213,TRUE,,
bookuber_4447,Trip_advisor_36242,TRUE,,
bookuber_17343,Trip_advisor_36361,TRUE,,
bookuber_17874,Trip_advisor_36361,TRUE,,
bookuber_24322,Trip_advisor_36361,TRUE,,
bookuber_8124,Trip_advisor_36392,TRUE,,
bookuber_19775,Trip_advisor_36443,TRUE,,
bookuber_18942,Trip_advisor_36521,TRUE,,
bookuber_22463,Trip_advisor_36598,TRUE,,
bookuber_25368,Trip_advisor_36606,TRUE,,
bookuber_7380,Trip_advisor_36663,TRUE,,
bookuber_11759,Trip_advisor_36782,TRUE,,
bookuber_23984,Trip_advisor_36805,TRUE,,
bookuber_24379,Trip_advisor_36805,TRUE,,
bookuber_16197,Trip_advisor_36912,TRUE,,
bookuber_5047,Trip_advisor_36970,TRUE,,
bookuber_15951,Trip_advisor_37209,TRUE,,
bookuber_23339,Trip_advisor_37299,TRUE,,
bookuber_23647,Trip_advisor_37423,TRUE,,
bookuber_22063,Trip_advisor_37461,TRUE,,
bookuber_1903,Trip_advisor_37463,TRUE,,
bookuber_16335,Trip_advisor_37663,TRUE,,
bookuber_24244,Trip_advisor_37663,TRUE,,
bookuber_24303,Trip_advisor_37663,TRUE,,
bookuber_9139,Trip_advisor_37881,TRUE,,
bookuber_21208,Trip_advisor_37906,TRUE,,
bookuber_18288,Trip_advisor_37951,TRUE,,
bookuber_21171,Trip_advisor_37951,TRUE,,
bookuber_15801,Trip_advisor_37975,TRUE,,
bookuber_23619,Trip_advisor_37975,TRUE,,
bookuber_9482,Trip_advisor_38427,TRUE,,
bookuber_3507,Trip_advisor_38513,TRUE,,
bookuber_3902,Trip_advisor_38518,TRUE,,
bookuber_8956,Trip_advisor_38518,TRUE,,
bookuber_12794,Trip_advisor_43732,TRUE,,
bookuber_6571,Trip_advisor_38660,TRUE,,
bookuber_12663,Trip_advisor_39206,TRUE,,
bookuber_11347,Trip_advisor_39831,TRUE,,
bookuber_21003,Trip_advisor_39864,TRUE,,
bookuber_11123,Trip_advisor_40547,TRUE,,
bookuber_1327,Trip_advisor_46895,TRUE,,
bookuber_21156,Trip_advisor_40965,TRUE,,
bookuber_1575,Trip_advisor_41465,TRUE,,
bookuber_25790,Trip_advisor_42406,TRUE,,
bookuber_22625,Trip_advisor_42789,TRUE,,
bookuber_23067,Trip_advisor_44146,TRUE,,
bookuber_6482,Trip_advisor_48094,TRUE,,
bookuber_11552,Trip_advisor_49035,TRUE,,
bookuber_11897,Trip_advisor_44647,TRUE,,
bookuber_5123,Trip_advisor_49163,TRUE,,
bookuber_16125,Trip_advisor_50384,TRUE,,
bookuber_15303,Trip_advisor_50396,TRUE,,
bookuber_20456,Trip_advisor_50435,TRUE,,
bookuber_19750,Trip_advisor_50444,TRUE,,
bookuber_22877,Trip_advisor_50445,TRUE,,
bookuber_24495,Trip_advisor_53665,TRUE,,
bookuber_24468,Trip_advisor_53748,TRUE,,
bookuber_15052,Trip_advisor_53900,TRUE,,
bookuber_24426,Trip_advisor_53917,TRUE,,
bookuber_18660,Trip_advisor_53918,TRUE,,
bookuber_18474,Trip_advisor_53976,TRUE,,
bookuber_23233,Trip_advisor_54092,TRUE,,
bookuber_25208,Trip_advisor_54247,TRUE,,
bookuber_19818,Trip_advisor_54375,TRUE,,
bookuber_19549,Trip_advisor_54450,TRUE,,
bookuber_16702,Trip_advisor_70911,TRUE,,
bookuber_19030,Trip_advisor_70916,TRUE,,
bookuber_19525,Trip_advisor_70923,TRUE,,
bookuber_23649,Trip_advisor_70928,TRUE,,
bookuber_19535,Trip_advisor_70941,TRUE,,
bookuber_14715,Trip_advisor_78907,TRUE,,
bookuber_17765,Trip_advisor_79747,TRUE,,
bookuber_21385,Trip_advisor_80097,TRUE,,
bookuber_24134,Trip_advisor_80287,TRUE,,
bookuber_19302,Trip_advisor_80511,TRUE,,
bookuber_20247,Trip_advisor_92441,TRUE,,
bookuber_21979,Trip_advisor_92546,TRUE,,
bookuber_17906,Trip_advisor_92603,TRUE,,
bookuber_19661,Trip_advisor_92639,TRUE,,
bookuber_1143,Trip_advisor_75951,TRUE,,
bookuber_1864,Trip_advisor_76688,TRUE,,
bookuber_19492,Trip_advisor_76717,TRUE,,
bookuber_22548,Trip_advisor_72802,FALSE,,
bookuber_23936,Trip_advisor_72802,FALSE,,
bookuber_15458,Trip_advisor_71810,FALSE,,
bookuber_21897,Trip_advisor_71810,FALSE,,
bookuber_11903,Trip_advisor_44878,FALSE,,
bookuber_11903,Trip_advisor_45721,FALSE,,
bookuber_13605,Trip_advisor_44878,FALSE,,
bookuber_13605,Trip_advisor_45721,FALSE,,
bookuber_9517,Trip_advisor_92216,FALSE,,
bookuber_6571,Trip_advisor_41773,FALSE,,
bookuber_6571,Trip_advisor_45931,FALSE,,
bookuber_11897,Trip_advisor_48414,FALSE,,
bookuber_16160,Trip_advisor_92084,FALSE,,
bookuber_17110,Trip_advisor_92084,FALSE,,
bookuber_17344,Trip_advisor_92084,FALSE,,
bookuber_23682,Trip_advisor_92084,FALSE,,
bookuber_7797,Trip_advisor_27378,FALSE,,
bookuber_18429,Trip_advisor_35886,FALSE,,
bookuber_21412,Trip_advisor_35886,FALSE,,
bookuber_11123,Trip_advisor_40819,FALSE,,
bookuber_11123,Trip_advisor_41120,FALSE,,
bookuber_11123,Trip_advisor_41148,FALSE,,
bookuber_11123,Trip_advisor_44546,FALSE,,
bookuber_11123,Trip_advisor_44562,FALSE,,
bookuber_11123,Trip_advisor_45116,FALSE,,
bookuber_11123,Trip_advisor_45995,FALSE,,
bookuber_11123,Trip_advisor_46895,FALSE,,
bookuber_11123,Trip_advisor_47791,FALSE,,
bookuber_11123,Trip_advisor_47827,FALSE,,
bookuber_11123,Trip_advisor_48545,FALSE,,
bookuber_1327,Trip_advisor_40547,FALSE,,
bookuber_1327,Trip_advisor_40819,FALSE,,
bookuber_1327,Trip_advisor_41120,FALSE,,
bookuber_1327,Trip_advisor_41148,FALSE,,
bookuber_1327,Trip_advisor_44546,FALSE,,
bookuber_1327,Trip_advisor_44562,FALSE,,
bookuber_1327,Trip_advisor_45116,FALSE,,
bookuber_1327,Trip_advisor_45995,FALSE,,
bookuber_1327,Trip_advisor_47791,FALSE,,
bookuber_1327,Trip_advisor_47827,FALSE,,
bookuber_1327,Trip_advisor_48545,FALSE,,
bookuber_6402,Trip_advisor_40547,FALSE,,
bookuber_6402,Trip_advisor_40819,FALSE,,
bookuber_6402,Trip_advisor_41120,FALSE,,
bookuber_6402,Trip_advisor_41148,FALSE,,
bookuber_6402,Trip_advisor_44546,FALSE,,
bookuber_6402,Trip_advisor_44562,FALSE,,
bookuber_6402,Trip_advisor_45116,FALSE,,
bookuber_6402,Trip_advisor_45995,FALSE,,
bookuber_6402,Trip_advisor_46895,FALSE,,
bookuber_6402,Trip_advisor_47791,FALSE,,
bookuber_6402,Trip_advisor_47827,FALSE,,
bookuber_6402,Trip_advisor_48545,FALSE,,
bookuber_3,Trip_advisor_26915,FALSE,,
bookuber_3,Trip_advisor_27182,FALSE,,
bookuber_8327,Trip_advisor_26915,FALSE,,
bookuber_8327,Trip_advisor_27182,FALSE,,
bookuber_17945,Trip_advisor_74361,FALSE,,
bookuber_19938,Trip_advisor_76028,FALSE,,
bookuber_25065,Trip_advisor_74361,FALSE,,
bookuber_17955,Trip_advisor_70455,FALSE,,
bookuber_4017,Trip_advisor_39861,FALSE,,
bookuber_15783,Trip_advisor_5906,FALSE,,
bookuber_2595,Trip_advisor_26880,FALSE,,
bookuber_2595,Trip_advisor_27455,FALSE,,
bookuber_1513,Trip_advisor_40241,FALSE,,
bookuber_16038,Trip_advisor_92183,FALSE,,
bookuber_22913,Trip_advisor_92183,FALSE,,
bookuber_16616,Trip_advisor_37007,FALSE,,
bookuber_16998,Trip_advisor_36991,FALSE,,
bookuber_11552,Trip_advisor_44478,FALSE,,
bookuber_11552,Trip_advisor_48094,FALSE,,
bookuber_4555,Trip_advisor_44478,FALSE,,
bookuber_4555,Trip_advisor_48094,FALSE,,
bookuber_4555,Trip_advisor_49035,FALSE,,
bookuber_6482,Trip_advisor_44478,FALSE,,
bookuber_6482,Trip_advisor_49035,FALSE,,
bookuber_3934,Trip_advisor_44257,FALSE,,
bookuber_3934,Trip_advisor_45405,FALSE,,
bookuber_3934,Trip_advisor_46252,FALSE,,
bookuber_3934,Trip_advisor_50060,FALSE,,
bookuber_17240,Trip_advisor_43730,FALSE,,
bookuber_24050,Trip_advisor_43730,FALSE,,
bookuber_21415,Trip_advisor_72340,FALSE,,
bookuber_21006,Trip_advisor_74237,FALSE,,
bookuber_11001,Trip_advisor_43540,FALSE,,
bookuber_11001,Trip_advisor_43921,FALSE,,
bookuber_11001,Trip_advisor_45339,FALSE,,
bookuber_11001,Trip_advisor_45365,FALSE,,
bookuber_11001,Trip_advisor_45479,FALSE,,
bookuber_11001,Trip_advisor_45670,FALSE,,
bookuber_11001,Trip_advisor_45856,FALSE,,
bookuber_11001,Trip_advisor_45871,FALSE,,
bookuber_11001,Trip_advisor_45980,FALSE,,
bookuber_11001,Trip_advisor_46219,FALSE,,
bookuber_11001,Trip_advisor_46582,FALSE,,
bookuber_11001,Trip_advisor_46713,FALSE,,
bookuber_11001,Trip_advisor_47004,FALSE,,
bookuber_11001,Trip_advisor_47143,FALSE,,
bookuber_11001,Trip_advisor_47433,FALSE,,
bookuber_11001,Trip_advisor_47500,FALSE,,
bookuber_11001,Trip_advisor_47572,FALSE,,
bookuber_11001,Trip_advisor_47581,FALSE,,
bookuber_11001,Trip_advisor_47699,FALSE,,
bookuber_11001,Trip_advisor_47721,FALSE,,
bookuber_11001,Trip_advisor_47770,FALSE,,
bookuber_11001,Trip_advisor_47867,FALSE,,
bookuber_11001,Trip_advisor_47876,FALSE,,
bookuber_11001,Trip_advisor_47967,FALSE,,
bookuber_11001,Trip_advisor_47969,FALSE,,
bookuber_11001,Trip_advisor_48042,FALSE,,
bookuber_11001,Trip_advisor_48055,FALSE,,
bookuber_11001,Trip_advisor_48198,FALSE,,
bookuber_11001,Trip_advisor_48237,FALSE,,
bookuber_11001,Trip_advisor_48241,FALSE,,
bookuber_11001,Trip_advisor_48289,FALSE,,
bookuber_11001,Trip_advisor_48313,FALSE,,
bookuber_11001,Trip_advisor_48319,FALSE,,
bookuber_11001,Trip_advisor_48352,FALSE,,
bookuber_11001,Trip_advisor_48380,FALSE,,
bookuber_11001,Trip_advisor_48404,FALSE,,
bookuber_11001,Trip_advisor_48419,FALSE,,
bookuber_11001,Trip_advisor_48422,FALSE,,
bookuber_11001,Trip_advisor_48546,FALSE,,
bookuber_11001,Trip_advisor_48637,FALSE,,
bookuber_11001,Trip_advisor_48648,FALSE,,
bookuber_11001,Trip_advisor_48785,FALSE,,
bookuber_11001,Trip_advisor_48788,FALSE,,
bookuber_11001,Trip_advisor_48820,FALSE,,
bookuber_11001,Trip_advisor_48841,FALSE,,
bookuber_11001,Trip_advisor_48865,FALSE,,
bookuber_11001,Trip_advisor_48869,FALSE,,
bookuber_11001,Trip_advisor_48898,FALSE,,
bookuber_11001,Trip_advisor_48906,FALSE,,
bookuber_11001,Trip_advisor_48911,FALSE,,
bookuber_11001,Trip_advisor_48957,FALSE,,
bookuber_11001,Trip_advisor_48989,FALSE,,
bookuber_11001,Trip_advisor_49034,FALSE,,
bookuber_11001,Trip_advisor_49093,FALSE,,
bookuber_11001,Trip_advisor_49124,FALSE,,
bookuber_11001,Trip_advisor_49132,FALSE,,
bookuber_11001,Trip_advisor_49228,FALSE,,
bookuber_11001,Trip_advisor_49268,FALSE,,
bookuber_11001,Trip_advisor_49274,FALSE,,
bookuber_11001,Trip_advisor_49335,FALSE,,
bookuber_11001,Trip_advisor_49633,FALSE,,
bookuber_11001,Trip_advisor_49636,FALSE,,
bookuber_11001,Trip_advisor_49668,FALSE,,
bookuber_11001,Trip_advisor_49669,FALSE,,
bookuber_11001,Trip_advisor_49672,FALSE,,
bookuber_16971,Trip_advisor_75300,FALSE,,
bookuber_16971,Trip_advisor_76089,FALSE,,
bookuber_16984,Trip_advisor_75300,FALSE,,
bookuber_16984,Trip_advisor_76089,FALSE,,
bookuber_22834,Trip_advisor_76009,FALSE,,
bookuber_21797,Trip_advisor_73688,FALSE,,
bookuber_21797,Trip_advisor_82324,FALSE,,
bookuber_17816,Trip_advisor_77994,FALSE,,
bookuber_17816,Trip_advisor_78843,FALSE,,
bookuber_17816,Trip_advisor_80143,FALSE,,
bookuber_17816,Trip_advisor_80166,FALSE,,
bookuber_17816,Trip_advisor_81263,FALSE,,
bookuber_22746,Trip_advisor_77994,FALSE,,
bookuber_22746,Trip_advisor_78843,FALSE,,
bookuber_22746,Trip_advisor_80143,FALSE,,
bookuber_22746,Trip_advisor_80166,FALSE,,
bookuber_22746,Trip_advisor_81263,FALSE,,
bookuber_21158,Trip_advisor_80072,FALSE,,
bookuber_15089,Trip_advisor_92619,FALSE,,
bookuber_15460,Trip_advisor_92619,FALSE,,
bookuber_18465,Trip_advisor_92619,FALSE,,
bookuber_15981,Trip_advisor_93437,FALSE,,
bookuber_25128,Trip_advisor_93437,FALSE,,
bookuber_23800,Trip_advisor_56541,FALSE,,
bookuber_17811,Trip_advisor_74552,FALSE,,
bookuber_19798,Trip_advisor_74552,FALSE,,
bookuber_22442,Trip_advisor_70971,FALSE,,
bookuber_3609,Trip_advisor_74380,FALSE,,
bookuber_3609,Trip_advisor_81376,FALSE,,
bookuber_23551,Trip_advisor_72874,FALSE,,
bookuber_23915,Trip_advisor_72874,FALSE,,
bookuber_20885,Trip_advisor_70585,FALSE,,
bookuber_23080,Trip_advisor_70585,FALSE,,
bookuber_22354,Trip_advisor_5059,FALSE,,
bookuber_22607,Trip_advisor_5059,FALSE,,
bookuber_7380,Trip_advisor_44980,FALSE,,
bookuber_15855,Trip_advisor_74450,FALSE,,
bookuber_20271,Trip_advisor_74450,FALSE,,
bookuber_24674,Trip_advisor_16161,FALSE,,
bookuber_22118,Trip_advisor_36025,FALSE,,
bookuber_1324,Trip_advisor_56894,FALSE,,
bookuber_1324,Trip_advisor_57019,FALSE,,
bookuber_1324,Trip_advisor_57894,FALSE,,
bookuber_1324,Trip_advisor_58086,FALSE,,
bookuber_1324,Trip_advisor_58087,FALSE,,
bookuber_1324,Trip_advisor_58117,FALSE,,
bookuber_1324,Trip_advisor_58288,FALSE,,
bookuber_1324,Trip_advisor_58420,FALSE,,
bookuber_1324,Trip_advisor_58443,FALSE,,
bookuber_1324,Trip_advisor_58517,FALSE,,
bookuber_1324,Trip_advisor_58689,FALSE,,
bookuber_1324,Trip_advisor_58730,FALSE,,
bookuber_1324,Trip_advisor_58733,FALSE,,
bookuber_1324,Trip_advisor_59118,FALSE,,
bookuber_1324,Trip_advisor_59214,FALSE,,
bookuber_1324,Trip_advisor_59302,FALSE,,
bookuber_1324,Trip_advisor_59324,FALSE,,
bookuber_1324,Trip_advisor_59801,FALSE,,
bookuber_1324,Trip_advisor_59818,FALSE,,
bookuber_1324,Trip_advisor_60096,FALSE,,
bookuber_1324,Trip_advisor_60150,FALSE,,
bookuber_4218,Trip_advisor_41924,FALSE,,
bookuber_4218,Trip_advisor_43867,FALSE,,
bookuber_4218,Trip_advisor_44348,FALSE,,
bookuber_4218,Trip_advisor_45713,FALSE,,
bookuber_4218,Trip_advisor_46303,FALSE,,
bookuber_4218,Trip_advisor_46360,FALSE,,
bookuber_4218,Trip_advisor_46452,FALSE,,
bookuber_4218,Trip_advisor_46482,FALSE,,
bookuber_4218,Trip_advisor_46725,FALSE,,
bookuber_4218,Trip_advisor_46900,FALSE,,
bookuber_4218,Trip_advisor_47052,FALSE,,
bookuber_4218,Trip_advisor_47093,FALSE,,
bookuber_4218,Trip_advisor_47204,FALSE,,
bookuber_4218,Trip_advisor_47236,FALSE,,
bookuber_4218,Trip_advisor_47273,FALSE,,
bookuber_4218,Trip_advisor_47286,FALSE,,
bookuber_4218,Trip_advisor_47294,FALSE,,
bookuber_4218,Trip_advisor_47438,FALSE,,
bookuber_4218,Trip_advisor_47652,FALSE,,
bookuber_4218,Trip_advisor_47662,FALSE,,
bookuber_4218,Trip_advisor_47734,FALSE,,
bookuber_4218,Trip_advisor_47809,FALSE,,
bookuber_4218,Trip_advisor_47817,FALSE,,
bookuber_4218,Trip_advisor_47837,FALSE,,
bookuber_4218,Trip_advisor_47933,FALSE,,
bookuber_4218,Trip_advisor_48101,FALSE,,
bookuber_4218,Trip_advisor_48110,FALSE,,
bookuber_4218,Trip_advisor_48172,FALSE,,
bookuber_4218,Trip_advisor_48469,FALSE,,
bookuber_4218,Trip_advisor_48738,FALSE,,
bookuber_4218,Trip_advisor_48759,FALSE,,
bookuber_4218,Trip_advisor_48760,FALSE,,
bookuber_4218,Trip_advisor_48873,FALSE,,
bookuber_4218,Trip_advisor_48974,FALSE,,
bookuber_4218,Trip_advisor_49883,FALSE,,
bookuber_4731,Trip_advisor_56064,FALSE,,
bookuber_4731,Trip_advisor_56894,FALSE,,
bookuber_4731,Trip_advisor_57019,FALSE,,
bookuber_4731,Trip_advisor_57876,FALSE,,
bookuber_4731,Trip_advisor_57894,FALSE,,
bookuber_4731,Trip_advisor_58086,FALSE,,
bookuber_4731,Trip_advisor_58087,FALSE,,
bookuber_4731,Trip_advisor_58117,FALSE,,
bookuber_4731,Trip_advisor_58288,FALSE,,
bookuber_4731,Trip_advisor_58420,FALSE,,
bookuber_4731,Trip_advisor_58443,FALSE,,
bookuber_4731,Trip_advisor_58517,FALSE,,
bookuber_4731,Trip_advisor_58689,FALSE,,
bookuber_4731,Trip_advisor_58730,FALSE,,
bookuber_4731,Trip_advisor_58733,FALSE,,
bookuber_4731,Trip_advisor_59118,FALSE,,
bookuber_4731,Trip_advisor_59214,FALSE,,
bookuber_4731,Trip_advisor_59302,FALSE,,
bookuber_4731,Trip_advisor_59324,FALSE,,
bookuber_4731,Trip_advisor_59801,FALSE,,
bookuber_4731,Trip_advisor_59818,FALSE,,
bookuber_4731,Trip_advisor_60096,FALSE,,
bookuber_4731,Trip_advisor_60150,FALSE,,
bookuber_17889,Trip_advisor_87051,FALSE,,
bookuber_18570,Trip_advisor_92182,FALSE,,
bookuber_18531,Trip_advisor_91960,FALSE,,
bookuber_11834,Trip_advisor_46059,FALSE,,
bookuber_13455,Trip_advisor_46059,FALSE,,
bookuber_1493,Trip_advisor_46059,FALSE,,
bookuber_16758,Trip_advisor_72789,FALSE,,
bookuber_21095,Trip_advisor_74027,FALSE,,
bookuber_24035,Trip_advisor_74027,FALSE,,
bookuber_7190,Trip_advisor_41367,FALSE,,
bookuber_9673,Trip_advisor_41367,FALSE,,
bookuber_17708,Trip_advisor_80712,FALSE,,
bookuber_18789,Trip_advisor_80712,FALSE,,
bookuber_18060,Trip_advisor_37812,FALSE,,
bookuber_21869,Trip_advisor_37812,FALSE,,
bookuber_18119,Trip_advisor_70165,FALSE,,
bookuber_24386,Trip_advisor_70165,FALSE,,
bookuber_11540,Trip_advisor_38890,FALSE,,
bookuber_20890,Trip_advisor_73436,FALSE,,
bookuber_22229,Trip_advisor_73436,FALSE,,
bookuber_4970,Trip_advisor_37068,FALSE,,
bookuber_4970,Trip_advisor_37230,FALSE,,
bookuber_4970,Trip_advisor_37910,FALSE,,
bookuber_4970,Trip_advisor_39561,FALSE,,
bookuber_1038,Trip_advisor_41707,FALSE,,
bookuber_1038,Trip_advisor_41813,FALSE,,
bookuber_1038,Trip_advisor_43050,FALSE,,
bookuber_1038,Trip_advisor_43056,FALSE,,
bookuber_1038,Trip_advisor_43344,FALSE,,
bookuber_1038,Trip_advisor_44031,FALSE,,
bookuber_1038,Trip_advisor_44463,FALSE,,
bookuber_1038,Trip_advisor_44481,FALSE,,
bookuber_1038,Trip_advisor_44605,FALSE,,
bookuber_1038,Trip_advisor_44798,FALSE,,
bookuber_1038,Trip_advisor_44943,FALSE,,
bookuber_1038,Trip_advisor_44957,FALSE,,
bookuber_1038,Trip_advisor_45047,FALSE,,
bookuber_1038,Trip_advisor_45161,FALSE,,
bookuber_1038,Trip_advisor_45219,FALSE,,
bookuber_1038,Trip_advisor_45816,FALSE,,
bookuber_1038,Trip_advisor_45948,FALSE,,
bookuber_1038,Trip_advisor_46103,FALSE,,
bookuber_1038,Trip_advisor_46118,FALSE,,
bookuber_1038,Trip_advisor_46131,FALSE,,
bookuber_1038,Trip_advisor_46378,FALSE,,
bookuber_1038,Trip_advisor_46580,FALSE,,
bookuber_1038,Trip_advisor_46594,FALSE,,
bookuber_1038,Trip_advisor_46734,FALSE,,
bookuber_1038,Trip_advisor_46789,FALSE,,
bookuber_1038,Trip_advisor_47012,FALSE,,
bookuber_1038,Trip_advisor_47343,FALSE,,
bookuber_1038,Trip_advisor_47587,FALSE,,
bookuber_1038,Trip_advisor_47600,FALSE,,
bookuber_1038,Trip_advisor_47609,FALSE,,
bookuber_1038,Trip_advisor_47631,FALSE,,
bookuber_1038,Trip_advisor_47961,FALSE,,
bookuber_1038,Trip_advisor_47970,FALSE,,
bookuber_1038,Trip_advisor_47977,FALSE,,
bookuber_1038,Trip_advisor_47978,FALSE,,
bookuber_1038,Trip_advisor_48007,FALSE,,
bookuber_1038,Trip_advisor_48288,FALSE,,
bookuber_1038,Trip_advisor_48303,FALSE,,
bookuber_1038,Trip_advisor_48447,FALSE,,
bookuber_1038,Trip_advisor_48571,FALSE,,
bookuber_1038,Trip_advisor_48676,FALSE,,
bookuber_1038,Trip_advisor_48882,FALSE,,
bookuber_1038,Trip_advisor_49029,FALSE,,
bookuber_1038,Trip_advisor_49102,FALSE,,
bookuber_1038,Trip_advisor_49181,FALSE,,
bookuber_1038,Trip_advisor_49235,FALSE,,
bookuber_1038,Trip_advisor_49635,FALSE,,
bookuber_1038,Trip_advisor_49643,FALSE,,
bookuber_11120,Trip_advisor_27232,FALSE,,
bookuber_11120,Trip_advisor_27255,FALSE,,
bookuber_11120,Trip_advisor_27278,FALSE,,
bookuber_11120,Trip_advisor_27290,FALSE,,
bookuber_11120,Trip_advisor_27322,FALSE,,
bookuber_11120,Trip_advisor_27336,FALSE,,
bookuber_1133,Trip_advisor_27232,FALSE,,
bookuber_1133,Trip_advisor_27255,FALSE,,
bookuber_1133,Trip_advisor_27278,FALSE,,
bookuber_1133,Trip_advisor_27290,FALSE,,
bookuber_1133,Trip_advisor_27322,FALSE,,
bookuber_1133,Trip_advisor_27336,FALSE,,
bookuber_1245,Trip_advisor_41707,FALSE,,
bookuber_1245,Trip_advisor_41813,FALSE,,
bookuber_1245,Trip_advisor_43050,FALSE,,
bookuber_1245,Trip_advisor_43056,FALSE,,
bookuber_1245,Trip_advisor_43344,FALSE,,
bookuber_1245,Trip_advisor_44031,FALSE,,
bookuber_1245,Trip_advisor_44463,FALSE,,
bookuber_1245,Trip_advisor_44481,FALSE,,
bookuber_1245,Trip_advisor_44605,FALSE,,
bookuber_1245,Trip_advisor_44798,FALSE,,
bookuber_1245,Trip_advisor_44943,FALSE,,
bookuber_1245,Trip_advisor_44957,FALSE,,
bookuber_1245,Trip_advisor_45047,FALSE,,
bookuber_1245,Trip_advisor_45161,FALSE,,
bookuber_1245,Trip_advisor_45219,FALSE,,
bookuber_1245,Trip_advisor_45816,FALSE,,
bookuber_1245,Trip_advisor_45948,FALSE,,
bookuber_1245,Trip_advisor_46103,FALSE,,
bookuber_1245,Trip_advisor_46118,FALSE,,
bookuber_1245,Trip_advisor_46131,FALSE,,
bookuber_1245,Trip_advisor_46378,FALSE,,
bookuber_1245,Trip_advisor_46580,FALSE,,
bookuber_1245,Trip_advisor_46594,FALSE,,
bookuber_1245,Trip_advisor_46734,FALSE,,
bookuber_1245,Trip_advisor_46789,FALSE,,
bookuber_1245,Trip_advisor_47012,FALSE,,
bookuber_1245,Trip_advisor_47343,FALSE,,
bookuber_1245,Trip_advisor_47587,FALSE,,
bookuber_1245,Trip_advisor_47600,FALSE,,
bookuber_1245,Trip_advisor_47609,FALSE,,
bookuber_1245,Trip_advisor_47631,FALSE,,
bookuber_1245,Trip_advisor_47961,FALSE,,
bookuber_1245,Trip_advisor_47970,FALSE,,
bookuber_1245,Trip_advisor_47977,FALSE,,
bookuber_1245,Trip_advisor_47978,FALSE,,
bookuber_1245,Trip_advisor_48007,FALSE,,
bookuber_1245,Trip_advisor_48288,FALSE,,
bookuber_1245,Trip_advisor_48303,FALSE,,
bookuber_1245,Trip_advisor_48447,FALSE,,
bookuber_1245,Trip_advisor_48571,FALSE,,
bookuber_1245,Trip_advisor_48676,FALSE,,
bookuber_1245,Trip_advisor_48882,FALSE,,
bookuber_1245,Trip_advisor_49029,FALSE,,
bookuber_1245,Trip_advisor_49102,FALSE,,
bookuber_1245,Trip_advisor_49181,FALSE,,
bookuber_1245,Trip_advisor_49235,FALSE,,
bookuber_1245,Trip_advisor_49635,FALSE,,
bookuber_8971,Trip_advisor_47977,FALSE,,
bookuber_8971,Trip_advisor_47978,FALSE,,
bookuber_8971,Trip_advisor_48007,FALSE,,
bookuber_8971,Trip_advisor_48288,FALSE,,
bookuber_8971,Trip_advisor_48303,FALSE,,
bookuber_8971,Trip_advisor_48447,FALSE,,
bookuber_8971,Trip_advisor_48571,FALSE,,
bookuber_8971,Trip_advisor_48676,FALSE,,
bookuber_8971,Trip_advisor_48882,FALSE,,
bookuber_8971,Trip_advisor_49029,FALSE,,
bookuber_8971,Trip_advisor_49102,FALSE,,
bookuber_8971,Trip_advisor_49181,FALSE,,
bookuber_8971,Trip_advisor_49235,FALSE,,
bookuber_8971,Trip_advisor_49635,FALSE,,
bookuber_8971,Trip_advisor_49643,FALSE,,
bookuber_921,Trip_advisor_27232,FALSE,,
bookuber_921,Trip_advisor_27255,FALSE,,
bookuber_921,Trip_advisor_27278,FALSE,,
bookuber_921,Trip_advisor_27290,FALSE,,
bookuber_921,Trip_advisor_27322,FALSE,,
bookuber_921,Trip_advisor_27336,FALSE,,
bookuber_9383,Trip_advisor_41707,FALSE,,
bookuber_9383,Trip_advisor_41813,FALSE,,
bookuber_9383,Trip_advisor_43050,FALSE,,
bookuber_9383,Trip_advisor_43056,FALSE,,
bookuber_9383,Trip_advisor_43344,FALSE,,
bookuber_9383,Trip_advisor_44031,FALSE,,
bookuber_9383,Trip_advisor_44463,FALSE,,
bookuber_9383,Trip_advisor_44481,FALSE,,
bookuber_9383,Trip_advisor_44605,FALSE,,
bookuber_9383,Trip_advisor_44798,FALSE,,
bookuber_9383,Trip_advisor_44943,FALSE,,
bookuber_9383,Trip_advisor_44957,FALSE,,
bookuber_9383,Trip_advisor_45047,FALSE,,
bookuber_9383,Trip_advisor_45161,FALSE,,
bookuber_9383,Trip_advisor_45219,FALSE,,
bookuber_9383,Trip_advisor_45816,FALSE,,
bookuber_9383,Trip_advisor_45948,FALSE,,
bookuber_9383,Trip_advisor_46103,FALSE,,
bookuber_9383,Trip_advisor_46118,FALSE,,
bookuber_9383,Trip_advisor_46131,FALSE,,
bookuber_9383,Trip_advisor_46378,FALSE,,
bookuber_9383,Trip_advisor_46580,FALSE,,
bookuber_9383,Trip_advisor_46594,FALSE,,
bookuber_9383,Trip_advisor_46734,FALSE,,
bookuber_9383,Trip_advisor_46789,FALSE,,
bookuber_9383,Trip_advisor_47012,FALSE,,
bookuber_9383,Trip_advisor_47343,FALSE,,
bookuber_9383,Trip_advisor_47587,FALSE,,
bookuber_9383,Trip_advisor_47600,FALSE,,
bookuber_9383,Trip_advisor_47609,FALSE,,
bookuber_9383,Trip_advisor_47631,FALSE,,
bookuber_9383,Trip_advisor_47961,FALSE,,
bookuber_9383,Trip_advisor_47970,FALSE,,
bookuber_9383,Trip_advisor_47977,FALSE,,
bookuber_9383,Trip_advisor_47978,FALSE,,
bookuber_9383,Trip_advisor_48007,FALSE,,
bookuber_9383,Trip_advisor_48288,FALSE,,
bookuber_9383,Trip_advisor_48303,FALSE,,
bookuber_9383,Trip_advisor_48447,FALSE,,
bookuber_9383,Trip_advisor_48571,FALSE,,
bookuber_9383,Trip_advisor_48676,FALSE,,
bookuber_9383,Trip_advisor_48882,FALSE,,
bookuber_9383,Trip_advisor_49029,FALSE,,
bookuber_9383,Trip_advisor_49102,FALSE,,
bookuber_9383,Trip_advisor_49181,FALSE,,
bookuber_9383,Trip_advisor_49235,FALSE,,
bookuber_9383,Trip_advisor_49635,FALSE,,
bookuber_9383,Trip_advisor_49643,FALSE,,
bookuber_78,Trip_advisor_40813,FALSE,,
bookuber_18396,Trip_advisor_38860,FALSE,,
bookuber_18396,Trip_advisor_38983,FALSE,,
bookuber_18396,Trip_advisor_44939,FALSE,,
bookuber_16744,Trip_advisor_42159,FALSE,,
bookuber_24137,Trip_advisor_42159,FALSE,,
bookuber_25349,Trip_advisor_42159,FALSE,,
bookuber_23325,Trip_advisor_39762,FALSE,,
bookuber_23325,Trip_advisor_40346,FALSE,,
bookuber_23325,Trip_advisor_41163,FALSE,,
bookuber_23325,Trip_advisor_41285,FALSE,,
bookuber_23325,Trip_advisor_41382,FALSE,,
bookuber_23325,Trip_advisor_45555,FALSE,,
bookuber_23325,Trip_advisor_45583,FALSE,,
bookuber_23325,Trip_advisor_47754,FALSE,,
bookuber_21581,Trip_advisor_35978,FALSE,,
bookuber_12794,Trip_advisor_38559,FALSE,,
bookuber_12412,Trip_advisor_40638,FALSE,,
bookuber_13091,Trip_advisor_40638,FALSE,,
bookuber_8145,Trip_advisor_40638,FALSE,,
bookuber_9570,Trip_advisor_40638,FALSE,,
bookuber_18898,Trip_advisor_92275,FALSE,,
bookuber_22544,Trip_advisor_4945,FALSE,,
bookuber_24200,Trip_advisor_4945,FALSE,,
bookuber_14499,Trip_advisor_24306,FALSE,,
bookuber_14925,Trip_advisor_44501,FALSE,,
bookuber_15272,Trip_advisor_44501,FALSE,,
bookuber_21244,Trip_advisor_44501,FALSE,,
bookuber_19765,Trip_advisor_73371,FALSE,,
bookuber_19765,Trip_advisor_81155,FALSE,,
bookuber_6793,Trip_advisor_27091,FALSE,,
bookuber_9193,Trip_advisor_17830,TRUE,3+,
bookuber_7223,Trip_advisor_17983,TRUE,3+,
bookuber_10490,Trip_advisor_17860,TRUE,3+,
bookuber_15270,Trip_advisor_22569,TRUE,3+,
bookuber_25028,Trip_advisor_22569,TRUE,3+,
bookuber_15839,Trip_advisor_50608,TRUE,3+,
bookuber_21099,Trip_advisor_50608,TRUE,3+,
bookuber_14743,Trip_advisor_50696,TRUE,3+,
bookuber_5101,Trip_advisor_19017,TRUE,3+,
bookuber_2571,Trip_advisor_87974,TRUE,3+,
bookuber_3521,Trip_advisor_87058,TRUE,3+,
bookuber_4601,Trip_advisor_88979,TRUE,3+,
bookuber_5515,Trip_advisor_87045,TRUE,3+,
bookuber_5544,Trip_advisor_86948,TRUE,3+,
bookuber_6380,Trip_advisor_87971,TRUE,3+,
bookuber_6714,Trip_advisor_88420,TRUE,3+,
bookuber_7089,Trip_advisor_86924,TRUE,3+,
bookuber_8304,Trip_advisor_87719,TRUE,3+,
bookuber_10608,Trip_advisor_89408,TRUE,3+,
bookuber_11370,Trip_advisor_89107,TRUE,3+,
bookuber_14186,Trip_advisor_86956,TRUE,3+,
bookuber_14579,Trip_advisor_88230,TRUE,3+,
bookuber_17998,Trip_advisor_94917,TRUE,3+,
bookuber_19430,Trip_advisor_94242,TRUE,3+,
bookuber_19469,Trip_advisor_94227,TRUE,3+,
bookuber_19839,Trip_advisor_95460,TRUE,3+,
bookuber_20868,Trip_advisor_94258,TRUE,3+,
bookuber_23268,Trip_advisor_94187,TRUE,3+,
bookuber_23629,Trip_advisor_94129,TRUE,3+,
bookuber_16227,Trip_advisor_50533,TRUE,3+,
bookuber_4885,Trip_advisor_87798,TRUE,3+,
bookuber_20487,Trip_advisor_88479,TRUE,3+,
bookuber_15336,Trip_advisor_94601,TRUE,3+,
bookuber_15432,Trip_advisor_94347,TRUE,3+,
bookuber_15949,Trip_advisor_94315,TRUE,3+,
bookuber_16527,Trip_advisor_95043,TRUE,3+,
bookuber_16539,Trip_advisor_94225,TRUE,3+,
bookuber_16584,Trip_advisor_94414,TRUE,3+,
bookuber_16642,Trip_advisor_96224,TRUE,3+,
bookuber_21202,Trip_advisor_96222,TRUE,3+,
bookuber_18006,Trip_advisor_94177,TRUE,3+,
bookuber_25497,Trip_advisor_94810,TRUE,3+,
bookuber_19653,Trip_advisor_94711,TRUE,3+,
bookuber_23306,Trip_advisor_94761,TRUE,3+,
bookuber_20143,Trip_advisor_94195,TRUE,3+,
bookuber_24969,Trip_advisor_95922,TRUE,3+,
bookuber_22430,Trip_advisor_94257,TRUE,3+,
bookuber_16215,Trip_advisor_95,FALSE,,
bookuber_16215,Trip_advisor_12568,FALSE,,
bookuber_16215,Trip_advisor_66346,FALSE,,
bookuber_16215,Trip_advisor_94741,FALSE,,
bookuber_15040,Trip_advisor_463,FALSE,,
bookuber_19508,Trip_advisor_463,FALSE,,
bookuber_15040,Trip_advisor_66495,FALSE,,
bookuber_19508,Trip_advisor_66495,FALSE,,
bookuber_23989,Trip_advisor_493,FALSE,,
bookuber_23989,Trip_advisor_70678,FALSE,,
bookuber_23989,Trip_advisor_70931,FALSE,,
bookuber_23989,Trip_advisor_72522,FALSE,,
bookuber_23989,Trip_advisor_75583,FALSE,,
bookuber_15967,Trip_advisor_547,FALSE,,
bookuber_23761,Trip_advisor_547,FALSE,,
bookuber_16289,Trip_advisor_623,FALSE,,
bookuber_21436,Trip_advisor_623,FALSE,,
bookuber_22627,Trip_advisor_623,FALSE,,
bookuber_23585,Trip_advisor_623,FALSE,,
bookuber_16289,Trip_advisor_28353,FALSE,,
bookuber_21436,Trip_advisor_28353,FALSE,,
bookuber_22627,Trip_advisor_28353,FALSE,,
bookuber_23585,Trip_advisor_28353,FALSE,,
bookuber_16289,Trip_advisor_57702,FALSE,,
bookuber_21436,Trip_advisor_57702,FALSE,,
bookuber_22627,Trip_advisor_57702,FALSE,,
bookuber_23585,Trip_advisor_57702,FALSE,,
bookuber_16289,Trip_advisor_92687,FALSE,,
bookuber_21436,Trip_advisor_92687,FALSE,,
bookuber_22627,Trip_advisor_92687,FALSE,,
bookuber_23585,Trip_advisor_92687,FALSE,,
bookuber_10481,Trip_advisor_643,FALSE,,
bookuber_15584,Trip_advisor_786,FALSE,,
bookuber_23468,Trip_advisor_786,FALSE,,
bookuber_3738,Trip_advisor_964,FALSE,,
bookuber_3738,Trip_advisor_59241,FALSE,,
bookuber_3738,Trip_advisor_66854,FALSE,,
bookuber_3738,Trip_advisor_66930,FALSE,,
bookuber_3738,Trip_advisor_67024,FALSE,,
bookuber_3738,Trip_advisor_67244,FALSE,,
bookuber_3738,Trip_advisor_67581,FALSE,,
bookuber_20079,Trip_advisor_978,FALSE,,
bookuber_20079,Trip_advisor_4830,FALSE,,
bookuber_9089,Trip_advisor_1159,FALSE,,
bookuber_13223,Trip_advisor_1159,FALSE,,
bookuber_9089,Trip_advisor_25214,FALSE,,
bookuber_13223,Trip_advisor_25214,FALSE,,
bookuber_9089,Trip_advisor_27419,FALSE,,
bookuber_13223,Trip_advisor_27419,FALSE,,
bookuber_9089,Trip_advisor_73571,FALSE,,
bookuber_13223,Trip_advisor_73571,FALSE,,
bookuber_2137,Trip_advisor_1321,FALSE,,
bookuber_11957,Trip_advisor_1321,FALSE,,
bookuber_2137,Trip_advisor_4188,FALSE,,
bookuber_11957,Trip_advisor_4188,FALSE,,
bookuber_2137,Trip_advisor_7134,FALSE,,
bookuber_11957,Trip_advisor_7134,FALSE,,
bookuber_2137,Trip_advisor_22258,FALSE,,
bookuber_11957,Trip_advisor_22258,FALSE,,
bookuber_2137,Trip_advisor_71747,FALSE,,
bookuber_11957,Trip_advisor_71747,FALSE,,
bookuber_2137,Trip_advisor_75413,FALSE,,
bookuber_11957,Trip_advisor_75413,FALSE,,
bookuber_2137,Trip_advisor_80470,FALSE,,
bookuber_11957,Trip_advisor_80470,FALSE,,
bookuber_2137,Trip_advisor_82761,FALSE,,
bookuber_11957,Trip_advisor_82761,FALSE,,
bookuber_2137,Trip_advisor_83627,FALSE,,
bookuber_11957,Trip_advisor_83627,FALSE,,
bookuber_20733,Trip_advisor_1538,FALSE,,
bookuber_25661,Trip_advisor_1538,FALSE,,
bookuber_20733,Trip_advisor_7695,FALSE,,
bookuber_25661,Trip_advisor_7695,FALSE,,
bookuber_17455,Trip_advisor_1544,FALSE,,
bookuber_18786,Trip_advisor_1544,FALSE,,
bookuber_22856,Trip_advisor_1544,FALSE,,
bookuber_17455,Trip_advisor_66140,FALSE,,
bookuber_18786,Trip_advisor_66140,FALSE,,
bookuber_22856,Trip_advisor_66140,FALSE,,
bookuber_14789,Trip_advisor_1553,FALSE,,
bookuber_14789,Trip_advisor_4589,FALSE,,
bookuber_14789,Trip_advisor_13702,FALSE,,
bookuber_14789,Trip_advisor_18548,FALSE,,
bookuber_14789,Trip_advisor_28425,FALSE,,
bookuber_14789,Trip_advisor_51549,FALSE,,
bookuber_14789,Trip_advisor_67353,FALSE,,
bookuber_38,Trip_advisor_1572,FALSE,,
bookuber_174,Trip_advisor_1572,FALSE,,
bookuber_652,Trip_advisor_1572,FALSE,,
bookuber_677,Trip_advisor_1572,FALSE,,
bookuber_1002,Trip_advisor_1572,FALSE,,
bookuber_1144,Trip_advisor_1572,FALSE,,
bookuber_1497,Trip_advisor_1572,FALSE,,
bookuber_2219,Trip_advisor_1572,FALSE,,
bookuber_2350,Trip_advisor_1572,FALSE,,
bookuber_2711,Trip_advisor_1572,FALSE,,
bookuber_2962,Trip_advisor_1572,FALSE,,
bookuber_3046,Trip_advisor_1572,FALSE,,
bookuber_3340,Trip_advisor_1572,FALSE,,
bookuber_3390,Trip_advisor_1572,FALSE,,
bookuber_3746,Trip_advisor_1572,FALSE,,
bookuber_3793,Trip_advisor_1572,FALSE,,
bookuber_3810,Trip_advisor_1572,FALSE,,
bookuber_3829,Trip_advisor_1572,FALSE,,
bookuber_3925,Trip_advisor_1572,FALSE,,
bookuber_4043,Trip_advisor_1572,FALSE,,
bookuber_4103,Trip_advisor_1572,FALSE,,
bookuber_5122,Trip_advisor_1572,FALSE,,
bookuber_5191,Trip_advisor_1572,FALSE,,
bookuber_5240,Trip_advisor_1572,FALSE,,
bookuber_5362,Trip_advisor_1572,FALSE,,
bookuber_5925,Trip_advisor_1572,FALSE,,
bookuber_5984,Trip_advisor_1572,FALSE,,
bookuber_6001,Trip_advisor_1572,FALSE,,
bookuber_6046,Trip_advisor_1572,FALSE,,
bookuber_6300,Trip_advisor_1572,FALSE,,
bookuber_6496,Trip_advisor_1572,FALSE,,
bookuber_6610,Trip_advisor_1572,FALSE,,
bookuber_6668,Trip_advisor_1572,FALSE,,
bookuber_7324,Trip_advisor_1572,FALSE,,
bookuber_11261,Trip_advisor_49093,FALSE,,
bookuber_11279,Trip_advisor_49093,FALSE,,
bookuber_11381,Trip_advisor_49093,FALSE,,
bookuber_11522,Trip_advisor_49093,FALSE,,
bookuber_11553,Trip_advisor_49093,FALSE,,
bookuber_11978,Trip_advisor_49093,FALSE,,
bookuber_12035,Trip_advisor_49093,FALSE,,
bookuber_12183,Trip_advisor_49093,FALSE,,
bookuber_12442,Trip_advisor_49093,FALSE,,
bookuber_12533,Trip_advisor_49093,FALSE,,
bookuber_12673,Trip_advisor_49093,FALSE,,
bookuber_12723,Trip_advisor_49093,FALSE,,
bookuber_12955,Trip_advisor_49093,FALSE,,
bookuber_18174,Trip_advisor_98371,FALSE,,
bookuber_18688,Trip_advisor_98371,FALSE,,
bookuber_14949,Trip_advisor_98620,FALSE,,
bookuber_15385,Trip_advisor_98620,FALSE,,
bookuber_6267,Trip_advisor_98816,FALSE,,
bookuber_13913,Trip_advisor_98816,FALSE,,
bookuber_9831,Trip_advisor_98879,FALSE,,
bookuber_1814,Trip_advisor_99041,FALSE,,