"RecordIDS","AverageConsistency","Name-Consistency","Name-Values","City-Consistency","City-Values"
"michelin_5687+tripadvisor_60834+tripadvisor_65408","0.8333333333333333","0.6666666666666666","{serendib|serendib|serendepico}","1.0","{milan|milan|milan}"
"michelin_111+tripadvisor_86791+tripadvisor_87901","0.8333333333333333","0.6666666666666666","{la pergola|la pergola|la regola}","1.0","{rome|rome|rome}"
"michelin_3885+tripadvisor_72786","0.5","0.0","{le caillebotte|la paillote}","1.0","{paris|paris}"
"michelin_5143+michelin_5144+tripadvisor_52858+tripadvisor_52995+tripadvisor_53742+tripadvisor_54268+tripadvisor_54324+tripadvisor_56264+tripadvisor_58694","0.6111111111111112","0.2222222222222222","{taberna recreo|taberna úbeda|taberna laredo|taberna & media|taberna ubeda|taberna pedraza|taberna griega|taberna museo|taberna griega}","1.0","{madrid|madrid|madrid|madrid|madrid|madrid|madrid|madrid|madrid}"
"michelin_3936+michelin_3954+tripadvisor_50417+tripadvisor_50494+tripadvisor_50636+tripadvisor_51980","0.6666666666666666","0.3333333333333333","{m restaurant|saku restaurant|m restaurant|saku restaurant|mike restaurant|bombay restaurant}","1.0","{lyon|lyon|lyon|lyon|lyon|lyon}"
"michelin_1055+tripadvisor_70169+tripadvisor_71141+tripadvisor_71527+tripadvisor_81792","0.8","0.6","{l'orangerie|l'orangerie|la mangerie|l'orangerie|l'orange cafe}","1.0","{paris|paris|paris|paris|paris}"
"michelin_1067+tripadvisor_69988+tripadvisor_70062","0.8333333333333333","0.6666666666666666","{ze kitchen galerie|ze kitchen galerie|kitchen galerie bis}","1.0","{paris|paris|paris}"
"michelin_1088+tripadvisor_72035+tripadvisor_72335+tripadvisor_75181+tripadvisor_75378+tripadvisor_80333+tripadvisor_80401","0.5","0.0","{armani ristorante|marcello ristorante|lancetta ristorante|emporio armani ristorante|alba ristorante|amarena ristorante|paradiso ristorante}","1.0","{paris|paris|paris|paris|paris|paris|paris}"
"michelin_4212+tripadvisor_70879+tripadvisor_72343+tripadvisor_73239+tripadvisor_74156","0.7","0.4","{pho tai|pho tai|pho thai|pad thai|pho mui}","1.0","{paris|paris|paris|paris|paris}"
"michelin_1096+tripadvisor_70735","1.0","1.0","{abri|abri}","1.0","{paris|paris}"
"michelin_922+tripadvisor_17720","1.0","1.0","{le pigeon noir|le pigeon noir}","1.0","{uccle|uccle}"
"michelin_3371+tripadvisor_91953","1.0","1.0","{brasserie bobonne|brasserie bobonne}","1.0","{stockholm|stockholm}"
"michelin_3470+tripadvisor_450","1.0","1.0","{scheepskameel|scheepskameel}","1.0","{amsterdam|amsterdam}"
"michelin_41+tripadvisor_70911","1.0","1.0","{l'ambroisie|l'ambroisie}","1.0","{paris|paris}"
"michelin_703+tripadvisor_91833","0.5","0.0","{operakällaren|operakallaren}","1.0","{stockholm|stockholm}"
"michelin_361+michelin_4674+tripadvisor_94259+tripadvisor_95774+tripadvisor_96800","0.5","0.0","{steirereck im stadtpark|meierei im stadtpark|meierei am stadtpark|strock - am stadtpark|meierei im prater}","1.0","{vienna|vienna|vienna|vienna|vienna}"
"michelin_242+tripadvisor_50371","0.5","0.0","{le neuvième art|le neuvieme art}","1.0","{lyon|lyon}"
"michelin_1079+tripadvisor_69927","1.0","1.0","{aspic|aspic}","1.0","{paris|paris}"
"michelin_3374+tripadvisor_22479","1.0","1.0","{marv & ben|marv & ben}","1.0","{copenhagen|copenhagen}"
"michelin_1412+tripadvisor_70200+tripadvisor_81038","0.8333333333333333","0.6666666666666666","{tour d'argent|tour d'argent|lac d'argent}","1.0","{paris|paris|paris}"
"michelin_1772+tripadvisor_66432","1.0","1.0","{showroom|showroom}","1.0","{munich|munich}"
"michelin_1469+tripadvisor_70230+tripadvisor_81749","0.8333333333333333","0.6666666666666666","{septime|septime|sepide}","1.0","{paris|paris|paris}"
"michelin_4184+tripadvisor_50780","1.0","1.0","{racine|racine}","1.0","{lyon|lyon}"
"michelin_1490+tripadvisor_73073+tripadvisor_74640+tripadvisor_80951","0.75","0.5","{granite|grazie|graine|graine}","1.0","{paris|paris|paris|paris}"
"michelin_3826+tripadvisor_70922+tripadvisor_72908+tripadvisor_74570+tripadvisor_77783","0.7","0.4","{le grand bain|le grand pan|le grand bol|le grand bain|le grand carnot}","1.0","{paris|paris|paris|paris|paris}"
"michelin_2773+tripadvisor_86933","1.0","1.0","{pipero roma|pipero roma}","1.0","{rome|rome}"
"michelin_225+tripadvisor_69960","1.0","1.0","{le taillevent|le taillevent}","1.0","{paris|paris}"
"michelin_182+tripadvisor_2742","0.5","0.0","{flore|flora}","1.0","{amsterdam|amsterdam}"
"michelin_5728+tripadvisor_2939","1.0","1.0","{nolan|nolan}","1.0","{athens|athens}"
"michelin_152+tripadvisor_22596","1.0","1.0","{alchemist|alchemist}","1.0","{copenhagen|copenhagen}"
"michelin_4165+tripadvisor_71426+tripadvisor_78731","0.8333333333333333","0.6666666666666666","{la méditerranée|la mediterranee|la mediterranee}","1.0","{paris|paris|paris}"
"michelin_1144+tripadvisor_50396","0.5","0.0","{le gourmet de sèze|le gourmet de seze}","1.0","{lyon|lyon}"
"michelin_1101+tripadvisor_70255+tripadvisor_70378","0.8333333333333333","0.6666666666666666","{benoit|benedict|benoit}","1.0","{paris|paris|paris}"
"michelin_2771+tripadvisor_87365","1.0","1.0","{il convivio troiani|il convivio troiani}","1.0","{rome|rome}"
"michelin_82+tripadvisor_52766","1.0","1.0","{diverxo|diverxo}","1.0","{madrid|madrid}"
"michelin_4671+tripadvisor_95122","1.0","1.0","{mast weinbistro|mast weinbistro}","1.0","{vienna|vienna}"
"michelin_5689+tripadvisor_60726","1.0","1.0","{trippa|trippa}","1.0","{milan|milan}"
"michelin_4154+tripadvisor_72480","0.5","0.0","{les canailles ménilmontant|les canailles menilmontant}","1.0","{paris|paris}"
"michelin_5154+tripadvisor_52844","1.0","1.0","{bacira|bacira}","1.0","{madrid|madrid}"
"michelin_1072+tripadvisor_69940+tripadvisor_74167+tripadvisor_77803","0.5","0.0","{114, faubourg|le 114 faubourg|24 faubourg|cafe faubourg}","1.0","{paris|paris|paris|paris}"
"michelin_235+tripadvisor_70238","0.5","0.0","{le grand restaurant - jean-françois piège|le grand restaurant jean francois piege}","1.0","{paris|paris}"
"michelin_7+tripadvisor_92050","0.5","0.0","{frantzén|frantzen}","1.0","{stockholm|stockholm}"
"michelin_1519+tripadvisor_70193+tripadvisor_74001+tripadvisor_79136","0.75","0.5","{auguste|auguste|augustin|l'auguste}","1.0","{paris|paris|paris|paris}"
"michelin_3845+tripadvisor_73130","0.5","0.0","{les résistants|les resistants}","1.0","{paris|paris}"
"michelin_1021+tripadvisor_50515","1.0","1.0","{miraflores|miraflores}","1.0","{lyon|lyon}"
"michelin_1253+tripadvisor_50617","1.0","1.0","{les apothicaires|les apothicaires}","1.0","{lyon|lyon}"
"michelin_1748+tripadvisor_66542","1.0","1.0","{sparkling bistro|sparkling bistro}","1.0","{munich|munich}"
"michelin_1295+tripadvisor_50444+tripadvisor_52340","0.8333333333333333","0.6666666666666666","{les loges|les loges|les berges}","1.0","{lyon|lyon|lyon}"
"michelin_1036+tripadvisor_71958","0.5","0.0","{akrame|okame}","1.0","{paris|paris}"
"michelin_935+tripadvisor_17586","1.0","1.0","{wine in the city|wine in the city}","1.0","{jette|jette}"
"michelin_197+tripadvisor_18372","0.5","0.0","{le chalet de la forêt|le chalet de la foret}","1.0","{uccle|uccle}"
"michelin_360+tripadvisor_94111+tripadvisor_97112","0.5","0.0","{silvio nickol gourmet restaurant|silvio nickol gourmet restaurant palais coburg|glet'scha gourmetrestaurant}","1.0","{vienna|vienna|vienna}"
"michelin_3832+tripadvisor_70014","1.0","1.0","{pottoka|pottoka}","1.0","{paris|paris}"
"michelin_2766+tripadvisor_86878","1.0","1.0","{moma|moma}","1.0","{rome|rome}"
"michelin_832+tripadvisor_129+tripadvisor_1677+tripadvisor_1752+tripadvisor_21+tripadvisor_2162+tripadvisor_2362+tripadvisor_2380+tripadvisor_2710+tripadvisor_2890+tripadvisor_29+tripadvisor_388","0.5","0.0","{lars amsterdam|blue amsterdam|zoku amsterdam|kfc amsterdam|mos amsterdam|dok amsterdam|febo amsterdam|leuk amsterdam|yuki amsterdam|bff amsterdam|max amsterdam|ibericus amsterdam}","1.0","{amsterdam|amsterdam|amsterdam|amsterdam|amsterdam|amsterdam|amsterdam|amsterdam|amsterdam|amsterdam|amsterdam|amsterdam}"
"michelin_1066+michelin_1092+tripadvisor_70300+tripadvisor_70346","0.5","0.0","{l'atelier de joël robuchon - étoile|l'atelier de joël robuchon - st-germain|l'atelier de joel robuchon|l'atelier de joel robuchon etoile}","1.0","{paris|paris|paris|paris}"
"michelin_2813+tripadvisor_82457","0.5","0.0","{la degustation bohême bourgeoise|la degustation boheme bourgeoise}","1.0","{prague|prague}"
"michelin_1498+tripadvisor_79658","0.5","0.0","{substance|cuistance}","1.0","{paris|paris}"
"michelin_3840+tripadvisor_70433+tripadvisor_75168+tripadvisor_79135","1.0","1.0","{zen|zen|zen|zen}","1.0","{paris|paris|paris|paris}"
"michelin_1409+tripadvisor_70082","1.0","1.0","{frenchie|frenchie}","1.0","{paris|paris}"
"michelin_153+tripadvisor_91920","0.5","0.0","{aloë|aloe}","1.0","{stockholm|stockholm}"
"michelin_18+tripadvisor_69929","0.5","0.0","{épicure|epicure}","1.0","{paris|paris}"
"michelin_17+tripadvisor_70301","0.5","0.0","{arpège|l'arpege}","1.0","{paris|paris}"
"michelin_1423+tripadvisor_69938+tripadvisor_78056","0.8333333333333333","0.6666666666666666","{alliance|alliance|alliance 3}","1.0","{paris|paris|paris}"
"michelin_2734+tripadvisor_60709","1.0","1.0","{contraste|contraste}","1.0","{milan|milan}"
"michelin_2737+tripadvisor_60805","1.0","1.0","{sadler|sadler}","1.0","{milan|milan}"
"michelin_1046+tripadvisor_75390+tripadvisor_77220","0.8333333333333333","0.6666666666666666","{automne|automne|antoine}","1.0","{paris|paris|paris}"
"michelin_1039+tripadvisor_70165","1.0","1.0","{shang palace|shang palace}","1.0","{paris|paris}"
"michelin_686+tripadvisor_22512","0.5","0.0","{søllerød kro|sollerod kro}","1.0","{copenhagen|copenhagen}"
"michelin_3433+tripadvisor_926","0.5","0.0","{café caron|cafe caron}","1.0","{amsterdam|amsterdam}"
"michelin_1422+tripadvisor_69937","0.5","0.0","{pur' - jean-françois rouquette|pur' - jean-francois rouquette}","1.0","{paris|paris}"
"michelin_1049+tripadvisor_70000+tripadvisor_76580","0.8333333333333333","0.6666666666666666","{les climats|les climats|les animals}","1.0","{paris|paris|paris}"
"michelin_3451+tripadvisor_2145+tripadvisor_2156+tripadvisor_316+tripadvisor_498","0.7","0.4","{brasserie van baerle|brasserie van noordt|brasserie lairesse|brasserie van baerle|brasserie van dam}","1.0","{amsterdam|amsterdam|amsterdam|amsterdam|amsterdam}"
"michelin_2266+tripadvisor_55392+tripadvisor_59403+tripadvisor_60079","0.5","0.0","{la tasquería|la malquerida|la pesquera|la tuerta}","1.0","{madrid|madrid|madrid|madrid}"
"michelin_1131+tripadvisor_71065","0.5","0.0","{pavyllon|papillon}","1.0","{paris|paris}"
"michelin_1476+tripadvisor_70124","1.0","1.0","{mavrommatis|mavrommatis}","1.0","{paris|paris}"
"michelin_15+tripadvisor_70031","0.5","0.0","{le pré catelan|le pre catelan}","1.0","{paris|paris}"
"michelin_3529+tripadvisor_338","1.0","1.0","{rijsel|rijsel}","1.0","{amsterdam|amsterdam}"
"michelin_3864+tripadvisor_70371","1.0","1.0","{l'hommage|l'hommage}","1.0","{paris|paris}"
"michelin_672+tripadvisor_30109","1.0","1.0","{demo|demo}","1.0","{helsinki|helsinki}"
"michelin_5148+tripadvisor_56367","0.5","0.0","{la maruca - velázquez|la barra de velazquez}","1.0","{madrid|madrid}"
"michelin_4123+tripadvisor_50446+tripadvisor_52131","0.8333333333333333","0.6666666666666666","{le jean moulin|le jean moulin|kebab jean moulin}","1.0","{lyon|lyon|lyon}"
"michelin_3827+tripadvisor_71675","1.0","1.0","{abri soba|abri soba}","1.0","{paris|paris}"
"michelin_1038+tripadvisor_70356+tripadvisor_80845","0.8333333333333333","0.6666666666666666","{la dame de pic|la dame de pic|le cafe de paris}","1.0","{paris|paris|paris}"
"michelin_4024+tripadvisor_50531","1.0","1.0","{le tiroir|le tiroir}","1.0","{lyon|lyon}"
"michelin_4944+tripadvisor_32601","1.0","1.0","{solar dos nunes|solar dos nunes}","1.0","{lisbon|lisbon}"
"michelin_2736+tripadvisor_63398","0.5","0.0","{l’alchimia|alchimie}","1.0","{milan|milan}"
"michelin_1098+tripadvisor_70640","0.5","0.0","{relais louis xiii|le relais louis xiii}","1.0","{paris|paris}"
"michelin_5686+tripadvisor_60996+tripadvisor_61786","0.8333333333333333","0.6666666666666666","{da giannino - l'angolo d'abruzzo|da giannino - l'angolo d'abruzzo|da giannino l'angolo d'abruzzo 2}","1.0","{milan|milan|milan}"
"michelin_5706+tripadvisor_88608","1.0","1.0","{profumo di mirto|profumo di mirto}","1.0","{rome|rome}"
"michelin_5730+tripadvisor_82425","1.0","1.0","{divinis|divinis}","1.0","{prague|prague}"
"michelin_4171+tripadvisor_69994+tripadvisor_78152+tripadvisor_82195","0.75","0.5","{bistrotters|bistrotters|bistrot 32|bistrot geo}","1.0","{paris|paris|paris|paris}"
"michelin_3357+tripadvisor_30067","1.0","1.0","{gaijin|gaijin}","1.0","{helsinki|helsinki}"
"michelin_2269+tripadvisor_53094+tripadvisor_53499+tripadvisor_54329+tripadvisor_56899+tripadvisor_57615+tripadvisor_59459+tripadvisor_59806","0.6875","0.375","{clos madrid|gustos madrid|stop madrid|lux madrid|stop madrid|stop madrid|charlotte madrid|cafe madrid}","1.0","{madrid|madrid|madrid|madrid|madrid|madrid|madrid|madrid}"
"michelin_396+tripadvisor_32220","1.0","1.0","{belcanto|belcanto}","1.0","{lisbon|lisbon}"
"michelin_1053+tripadvisor_70261","0.5","0.0","{neige d'été|neige d'ete}","1.0","{paris|paris}"
"michelin_4253+tripadvisor_66152","1.0","1.0","{freisinger hof|freisinger hof}","1.0","{munich|munich}"
"michelin_4149+tripadvisor_70386","1.0","1.0","{mensae|mensae}","1.0","{paris|paris}"
"michelin_5+tripadvisor_22469","1.0","1.0","{geranium|geranium}","1.0","{copenhagen|copenhagen}"
"michelin_175+tripadvisor_1023+tripadvisor_1139+tripadvisor_147+tripadvisor_150+tripadvisor_2366+tripadvisor_2534+tripadvisor_255+tripadvisor_331+tripadvisor_459+tripadvisor_666+tripadvisor_670+tripadvisor_71+tripadvisor_779+tripadvisor_79+tripadvisor_799+tripadvisor_85","0.5","0.0","{restaurant 212|restaurant rimini|restaurant tht|restaurant bleu|restaurant choux|restaurant 95|restaurant view|restaurant envy|restaurant miu|restaurant gusto|restaurant as|restaurant freud|restaurant breda|restaurant ds|restaurant red|restaurant teun|restaurant tomaz}","1.0","{amsterdam|amsterdam|amsterdam|amsterdam|amsterdam|amsterdam|amsterdam|amsterdam|amsterdam|amsterdam|amsterdam|amsterdam|amsterdam|amsterdam|amsterdam|amsterdam|amsterdam}"
"michelin_4536+tripadvisor_66237","1.0","1.0","{brasserie colette tim raue|brasserie colette tim raue}","1.0","{munich|munich}"
"michelin_4187+tripadvisor_70328","0.5","0.0","{les canailles pigalle|les pinces pigalle}","1.0","{paris|paris}"
"michelin_3830+tripadvisor_70472+tripadvisor_72448","0.8333333333333333","0.6666666666666666","{l'antre amis|l'antre amis|quatre amis}","1.0","{paris|paris|paris}"
"michelin_223+tripadvisor_70423","1.0","1.0","{restaurant le meurice alain ducasse|restaurant le meurice alain ducasse}","1.0","{paris|paris}"
"michelin_3948+tripadvisor_50402","1.0","1.0","{la table 101|la table 101}","1.0","{lyon|lyon}"
"michelin_3356+tripadvisor_22515","0.5","0.0","{kødbyens fiskebar|kodbyens fiskebar}","1.0","{copenhagen|copenhagen}"
"michelin_320+tripadvisor_66061","1.0","1.0","{tantris|tantris}","1.0","{munich|munich}"
"michelin_2268+tripadvisor_53269","0.5","0.0","{gaytán|gaytan}","1.0","{madrid|madrid}"
"michelin_4211+tripadvisor_73048","0.5","0.0","{impérial choisy|imperial choisy}","1.0","{paris|paris}"
"michelin_1482+tripadvisor_71082","1.0","1.0","{accents table bourse|accents table bourse}","1.0","{paris|paris}"
"michelin_1447+tripadvisor_70153","1.0","1.0","{le violon d'ingres|le violon d'ingres}","1.0","{paris|paris}"
"michelin_796+tripadvisor_3","1.0","1.0","{vinkeles|vinkeles}","1.0","{amsterdam|amsterdam}"
"michelin_1521+tripadvisor_72356+tripadvisor_79611","0.8333333333333333","0.6666666666666666","{la condesa|la condesa|la bodega}","1.0","{paris|paris|paris}"
"michelin_1278+tripadvisor_50384","1.0","1.0","{guy lassausaie|guy lassausaie}","1.0","{chasselay|chasselay}"
"michelin_415+tripadvisor_53481","1.0","1.0","{coque|coque}","1.0","{madrid|madrid}"
"michelin_674+tripadvisor_22482","1.0","1.0","{kiin kiin|kiin kiin}","1.0","{copenhagen|copenhagen}"
"michelin_1065+tripadvisor_73849","1.0","1.0","{comice|comice}","1.0","{paris|paris}"
"michelin_3890+tripadvisor_70450+tripadvisor_77419","0.5","0.0","{richer|le richer|richart}","1.0","{paris|paris|paris}"
"michelin_5141+tripadvisor_53458+tripadvisor_57566+tripadvisor_58316","0.5","0.0","{casa mortero|casa sotero|casa arturo|casa otero}","1.0","{madrid|madrid|madrid|madrid}"
"michelin_2276+tripadvisor_53747","1.0","1.0","{gofio|gofio}","1.0","{madrid|madrid}"
"michelin_798+tripadvisor_1371+tripadvisor_343","0.8333333333333333","0.6666666666666666","{the duchess|the butcher|the duchess}","1.0","{amsterdam|amsterdam|amsterdam}"
"michelin_2740+tripadvisor_61018","1.0","1.0","{tano passami l'olio|tano passami l'olio}","1.0","{milan|milan}"
"michelin_1060+tripadvisor_69986","1.0","1.0","{apicius|apicius}","1.0","{paris|paris}"
"michelin_1092+tripadvisor_70346","0.5","0.0","{l'atelier de joël robuchon - st-germain|l'atelier de joel robuchon etoile}","1.0","{paris|paris}"
"michelin_363+tripadvisor_94258","1.0","1.0","{konstantin filippou|konstantin filippou}","1.0","{vienna|vienna}"
"michelin_1320+tripadvisor_50453","1.0","1.0","{prairial|prairial}","1.0","{lyon|lyon}"
"michelin_3364+tripadvisor_24066","0.5","0.0","{barabba|barabbas}","1.0","{copenhagen|copenhagen}"
"michelin_3823+tripadvisor_73155","1.0","1.0","{etsi|etsi}","1.0","{paris|paris}"
"michelin_20+michelin_220+tripadvisor_69931+tripadvisor_71342+tripadvisor_71376+tripadvisor_72694+tripadvisor_73454+tripadvisor_77908+tripadvisor_78874+tripadvisor_81242","0.5","0.0","{la scène|la chine|la piscine}","1.0","{paris|paris|paris}"
"michelin_5705+tripadvisor_87169+tripadvisor_87200","0.5","0.0","{armando al pantheon|da armando al pantheon|antonio al pantheon}","1.0","{rome|rome|rome}"
"michelin_3662+tripadvisor_17588","1.0","1.0","{french kiss|french kiss}","1.0","{jette|jette}"
"michelin_4670+tripadvisor_94257","1.0","1.0","{diningruhm|diningruhm}","1.0","{vienna|vienna}"
"michelin_754+tripadvisor_251","1.0","1.0","{ron gastrobar|ron gastrobar}","1.0","{amsterdam|amsterdam}"
"michelin_3858+tripadvisor_74629","0.5","0.0","{spoon|spoon 2}","1.0","{paris|paris}"
"michelin_3526+tripadvisor_233","1.0","1.0","{auberge jean & marie|auberge jean & marie}","1.0","{amsterdam|amsterdam}"
"michelin_5712+tripadvisor_87956","0.5","0.0","{al ristoro degli angeli|il ristoro degli angeli}","1.0","{rome|rome}"
"michelin_333+tripadvisor_66140","1.0","1.0","{atelier|atelier}","1.0","{munich|munich}"
"michelin_155+tripadvisor_91862","1.0","1.0","{gastrologik|gastrologik}","1.0","{stockholm|stockholm}"
"michelin_1360+tripadvisor_50445","1.0","1.0","{le passe temps|le passe temps}","1.0","{lyon|lyon}"
"michelin_2122+tripadvisor_32376","1.0","1.0","{100 maneiras|100 maneiras}","1.0","{lisbon|lisbon}"
"michelin_1057+tripadvisor_75611","1.0","1.0","{yoshinori|yoshinori}","1.0","{paris|paris}"
"michelin_1103+tripadvisor_70216","0.5","0.0","{la scène thélème|la scene theleme}","1.0","{paris|paris}"
"michelin_2115+tripadvisor_68655","1.0","1.0","{antiqvvm|antiqvvm}","1.0","{porto|porto}"
"michelin_3861+tripadvisor_72254","1.0","1.0","{aux plumes|aux plumes}","1.0","{paris|paris}"
"michelin_774+tripadvisor_99","0.5","0.0","{rijks®|rijks}","1.0","{amsterdam|amsterdam}"
"michelin_2735+tripadvisor_60777","1.0","1.0","{joia|joia}","1.0","{milan|milan}"
"michelin_1081+tripadvisor_69941+tripadvisor_70039+tripadvisor_70196+tripadvisor_70375+tripadvisor_70529+tripadvisor_70719+tripadvisor_70858+tripadvisor_70938+tripadvisor_71246+tripadvisor_71402+tripadvisor_71413+tripadvisor_71576+tripadvisor_71749+tripadvisor_71845+tripadvisor_72465+tripadvisor_72541+tripadvisor_72925+tripadvisor_73172+tripadvisor_73484+tripadvisor_74084+tripadvisor_74149+tripadvisor_74298+tripadvisor_74508+tripadvisor_75251+tripadvisor_75543+tripadvisor_75921+tripadvisor_76323+tripadvisor_76479+tripadvisor_76983+tripadvisor_77186+tripadvisor_77563+tripadvisor_77608+tripadvisor_77789+tripadvisor_77936+tripadvisor_78341+tripadvisor_79050+tripadvisor_79465+tripadvisor_79574+tripadvisor_79687+tripadvisor_80023+tripadvisor_80557+tripadvisor_80867+tripadvisor_81134+tripadvisor_81417+tripadvisor_81799+tripadvisor_81973","0.5212765957446809","0.0425531914893617","{restaurant h|restaurant h|restaurant le w|restaurant vivre|restaurant eels|restaurant mumi|restaurant liza|restaurant paul|restaurant a.t|restaurant niebe|restaurant ebis|restaurant es|restaurant edgar|restaurant cleo|restaurant galia|restaurant lumen|le restaurant erh|restaurant ehden|restaurant kiss|restaurant kiku|restaurant hevi|restaurant taki|restaurant sec|restaurant miam|restaurant k'si|restaurant pacha|restaurant zahle|restaurant ojia|restaurant elgi|restaurant as|restaurant ella|restaurant otis|restaurant mido|restaurant j v|restaurant rime|restaurant layal|restaurant koss|restaurant amour|restaurant ang|restaurant kai|restaurant jules|restaurant tao|restaurant kuai|restaurant pera|restaurant china|restaurant gr5|restaurant}","1.0","{paris|paris|paris|paris|paris|paris|paris|paris|paris|paris|paris|paris|paris|paris|paris|paris|paris|paris|paris|paris|paris|paris|paris|paris|paris|paris|paris|paris|paris|paris|paris|paris|paris|paris|paris|paris|paris|paris|paris|paris|paris|paris|paris|paris|paris|paris|paris}"
"michelin_5146+tripadvisor_53597","1.0","1.0","{tepic|tepic}","1.0","{madrid|madrid}"
"michelin_3107+tripadvisor_20275","1.0","1.0","{costes downtown|costes downtown}","1.0","{budapest|budapest}"
"michelin_25+tripadvisor_69943","1.0","1.0","{pierre gagnaire|pierre gagnaire}","1.0","{paris|paris}"
"michelin_757+tripadvisor_262","1.0","1.0","{bolenius|bolenius}","1.0","{amsterdam|amsterdam}"
"michelin_4675+tripadvisor_94097","1.0","1.0","{mochi|mochi}","1.0","{vienna|vienna}"
"michelin_1069+tripadvisor_70390+tripadvisor_70898","0.5","0.0","{l'arôme|l'arome|l'agrume}","1.0","{paris|paris|paris}"
"michelin_4026+tripadvisor_50789","0.5","0.0","{sauf imprévu|sauf imprevu}","1.0","{lyon|lyon}"
"michelin_2124+tripadvisor_33729","0.5","0.0","{feitoria|leitaria}","1.0","{lisbon|lisbon}"
"michelin_1050+tripadvisor_70019+tripadvisor_70405+tripadvisor_72864+tripadvisor_73699+tripadvisor_80166","0.6666666666666666","0.3333333333333333","{l'arcane|l'arcane|l'armandie|l'arc cafe|l'affame|l'escale}","1.0","{paris|paris|paris|paris|paris|paris}"
"michelin_2738+tripadvisor_60983","1.0","1.0","{innocenti evasioni|innocenti evasioni}","1.0","{milan|milan}"
"michelin_2811+tripadvisor_3006","1.0","1.0","{hytra|hytra}","1.0","{athens|athens}"
"michelin_4214+tripadvisor_76203","0.5","0.0","{double dragon|gold dragon}","1.0","{paris|paris}"
"michelin_2265+tripadvisor_52946","1.0","1.0","{kabuki|kabuki}","1.0","{madrid|madrid}"
"michelin_3883+michelin_4153+tripadvisor_71128+tripadvisor_75669+tripadvisor_76737+tripadvisor_77515","0.6666666666666666","0.3333333333333333","{clamato|mamagoto|clamato|yamamoto|yamato|yamato}","1.0","{paris|paris|paris|paris|paris|paris}"
"michelin_1071+tripadvisor_70694","1.0","1.0","{helen|helen}","1.0","{paris|paris}"
"michelin_6+tripadvisor_22475","1.0","1.0","{noma|noma}","1.0","{copenhagen|copenhagen}"
"michelin_5685+tripadvisor_60937","0.5","0.0","{dongiò|dongio'}","1.0","{milan|milan}"
"michelin_5711+tripadvisor_88988","0.5","0.0","{green t.|green tea}","1.0","{rome|rome}"
"michelin_3103+tripadvisor_20294","1.0","1.0","{borkonyha winekitchen|borkonyha winekitchen}","1.0","{budapest|budapest}"
"michelin_5727+tripadvisor_3051","0.5","0.0","{oikeîo|oikeio}","1.0","{athens|athens}"
"michelin_828+tripadvisor_1279+tripadvisor_1610+tripadvisor_1780+tripadvisor_1860+tripadvisor_192+tripadvisor_204+tripadvisor_2788+tripadvisor_341+tripadvisor_5+tripadvisor_96","0.5","0.0","{le restaurant|albina restaurant|circl restaurant|golan restaurant|resturant|sham restaurant|serre restaurant|vive restaurant|bak restaurant|ciel bleu restaurant|looks restaurant}","1.0","{amsterdam|amsterdam|amsterdam|amsterdam|amsterdam|amsterdam|amsterdam|amsterdam|amsterdam|amsterdam|amsterdam}"
"michelin_5703+tripadvisor_86934","1.0","1.0","{trattoria pennestri|trattoria pennestri}","1.0","{rome|rome}"
"michelin_3837+tripadvisor_69977","0.5","0.0","{auberge pyrénées cévennes|auberge des pyrenees cevennes}","1.0","{paris|paris}"
"michelin_4169+tripadvisor_71083+tripadvisor_81788","0.8333333333333333","0.6666666666666666","{chez les anges|chez les anges|chez les filles}","1.0","{paris|paris|paris}"
"michelin_710+tripadvisor_91975","1.0","1.0","{agrikultur|agrikultur}","1.0","{stockholm|stockholm}"
"michelin_679+tripadvisor_22607","1.0","1.0","{marchal|marchal}","1.0","{copenhagen|copenhagen}"
"michelin_146+tripadvisor_22567","0.5","0.0","{kong hans kælder|kong hans kaelder}","1.0","{copenhagen|copenhagen}"
"michelin_1442+tripadvisor_70474","1.0","1.0","{qui plume la lune|qui plume la lune}","1.0","{paris|paris}"
"michelin_1612+tripadvisor_68305","1.0","1.0","{mural|mural}","1.0","{munich|munich}"
"michelin_1059+tripadvisor_70293","1.0","1.0","{tomy & co|tomy & co}","1.0","{paris|paris}"
"michelin_1083+tripadvisor_71326+tripadvisor_76612+tripadvisor_76840+tripadvisor_80582","0.5","0.0","{le chiberta|chiberta|le cherfa|le colbert|le ribera}","1.0","{paris|paris|paris|paris|paris}"
"michelin_3106+tripadvisor_20268","1.0","1.0","{costes|costes}","1.0","{budapest|budapest}"
"michelin_1977+tripadvisor_94107+tripadvisor_95223","0.8333333333333333","0.6666666666666666","{edvard|edvard|eduardo}","1.0","{vienna|vienna|vienna}"
"michelin_1407+tripadvisor_71518+tripadvisor_71600","0.5","0.0","{il carpaccio|il capriccio|le carpaccio}","1.0","{paris|paris|paris}"
"michelin_1727+tripadvisor_66106","1.0","1.0","{tian|tian}","1.0","{munich|munich}"
"michelin_3835+tripadvisor_70634","1.0","1.0","{les tables d'augustin|les tables d'augustin}","1.0","{paris|paris}"
"michelin_3358+tripadvisor_91913","1.0","1.0","{kagges|kagges}","1.0","{stockholm|stockholm}"
"michelin_4196+tripadvisor_70116+tripadvisor_75636+tripadvisor_76475","0.75","0.5","{le casse noix|le casse noix|le cassini|le cadre noir}","1.0","{paris|paris|paris|paris}"
"michelin_1041+tripadvisor_72413","1.0","1.0","{pertinence|pertinence}","1.0","{paris|paris}"
"michelin_1979+tripadvisor_94919","0.5","0.0","{pramerl & the wolf|pramerlandthe wolf}","1.0","{vienna|vienna}"
"michelin_3838+tripadvisor_70215+tripadvisor_76687","0.8333333333333333","0.6666666666666666","{le pantruche|le pantruche|la pantoche}","1.0","{paris|paris|paris}"
"michelin_3836+tripadvisor_70036+tripadvisor_70791+tripadvisor_71242+tripadvisor_71524+tripadvisor_73060+tripadvisor_78449","0.7142857142857143","0.42857142857142855","{chez michel|chez marcel|cafe michel|chez michel|chez minna|chez michel|chez adel}","1.0","{paris|paris|paris|paris|paris|paris|paris}"
"michelin_284+tripadvisor_50381","1.0","1.0","{takao takano|takao takano}","1.0","{lyon|lyon}"
"michelin_681+tripadvisor_22483","1.0","1.0","{kokkeriet|kokkeriet}","1.0","{copenhagen|copenhagen}"
"michelin_1475+tripadvisor_71555","1.0","1.0","{quinsou|quinsou}","1.0","{paris|paris}"
"michelin_238+tripadvisor_80072","1.0","1.0","{l'oiseau blanc|l'oiseau blanc}","1.0","{paris|paris}"
"michelin_5140+tripadvisor_52877","1.0","1.0","{las tortillas de gabino|las tortillas de gabino}","1.0","{madrid|madrid}"
"michelin_4236+tripadvisor_50418","1.0","1.0","{le canut et les gones|le canut et les gones}","1.0","{lyon|lyon}"
"michelin_3850+tripadvisor_70840+tripadvisor_71140","0.8333333333333333","0.6666666666666666","{jouvence|pouzenc|jouvence}","1.0","{paris|paris|paris}"
"michelin_673+tripadvisor_22530","1.0","1.0","{formel b|formel b}","1.0","{copenhagen|copenhagen}"
"michelin_4676+tripadvisor_94155+tripadvisor_94367+tripadvisor_94603+tripadvisor_94988+tripadvisor_95601+tripadvisor_95666+tripadvisor_96304+tripadvisor_96535+tripadvisor_96550","0.6","0.2","{gasthaus seidl|gasthaus pfudl|gasthaus ubl|gasthaus sagmeister|gasthaus seidl|gasthaus sapa|gasthaus bauer|gasthaus krippl|gasthaus sudy|gasthaus lendl}","1.0","{vienna|vienna|vienna|vienna|vienna|vienna|vienna|vienna|vienna|vienna}"
"michelin_3522+tripadvisor_123","1.0","1.0","{arles|arles}","1.0","{amsterdam|amsterdam}"
"michelin_2774+tripadvisor_86977","1.0","1.0","{glass hostaria|glass hostaria}","1.0","{rome|rome}"
"michelin_1474+tripadvisor_70093+tripadvisor_70786+tripadvisor_71830","0.75","0.5","{sola|sola|soya|soma}","1.0","{paris|paris|paris|paris}"
"michelin_713+tripadvisor_91869+tripadvisor_92443","0.8333333333333333","0.6666666666666666","{sushi sho|sushi sho|sushishop}","1.0","{stockholm|stockholm|stockholm}"
"michelin_1563+tripadvisor_66396","1.0","1.0","{acquarello|acquarello}","1.0","{munich|munich}"
"michelin_1110+tripadvisor_70417+tripadvisor_77670","0.8333333333333333","0.6666666666666666","{louis|louis|loumi's}","1.0","{paris|paris|paris}"
"michelin_2264+tripadvisor_55846+tripadvisor_60311","1.0","1.0","{el invernadero|el invernadero|el invernadero}","1.0","{madrid|madrid|madrid}"
"michelin_1045+michelin_3825+tripadvisor_70355","0.8333333333333333","0.6666666666666666","{yam'tcha|lai'tcha|yam'tcha}","1.0","{paris|paris|paris}"
"michelin_5152+tripadvisor_52838+tripadvisor_54178+tripadvisor_54316+tripadvisor_54742+tripadvisor_54880+tripadvisor_57334+tripadvisor_59481","0.625","0.25","{la montería|la monteria|la conserva|la montana|la lonjeria|la morera|la manjeria|la montana}","1.0","{madrid|madrid|madrid|madrid|madrid|madrid|madrid|madrid}"
"michelin_514+tripadvisor_88211","1.0","1.0","{il pagliaccio|il pagliaccio}","1.0","{rome|rome}"
"michelin_5708+tripadvisor_90114","1.0","1.0","{domenico dal 1968|domenico dal 1968}","1.0","{rome|rome}"
"michelin_517+tripadvisor_2948","1.0","1.0","{spondi|spondi}","1.0","{athens|athens}"
"michelin_3828+tripadvisor_73602","1.0","1.0","{kisin|kisin}","1.0","{paris|paris}"
"michelin_1232+tripadvisor_50397+tripadvisor_51525","0.8333333333333333","0.6666666666666666","{les terrasses de lyon|les terrasses de lyon|les terrasses du valdo}","1.0","{lyon|lyon|lyon}"
"michelin_2779+tripadvisor_86898","1.0","1.0","{per me giulio terrinoni|per me giulio terrinoni}","1.0","{rome|rome}"
"michelin_1974+tripadvisor_94256","1.0","1.0","{walter bauer|walter bauer}","1.0","{vienna|vienna}"
"michelin_414+tripadvisor_52768","0.5","0.0","{ramón freixa madrid|ramon freixa madrid}","1.0","{madrid|madrid}"
"michelin_2808+tripadvisor_2991","1.0","1.0","{ctc|ctc}","1.0","{athens|athens}"
"michelin_1054+tripadvisor_69954+tripadvisor_73149+tripadvisor_74143+tripadvisor_75583","0.8","0.6","{le george|le george|le georges|le george|chez georges}","1.0","{paris|paris|paris|paris|paris}"
"michelin_1102+michelin_3820+tripadvisor_78931","0.5","0.0","{oka|mova|moka}","1.0","{paris|paris|paris}"
"michelin_3267+tripadvisor_70412","1.0","1.0","{pages|pages}","1.0","{paris|paris}"
"michelin_5144+tripadvisor_52858+tripadvisor_53742+tripadvisor_58694","0.5","0.0","{taberna úbeda|taberna laredo|taberna ubeda|taberna griega}","1.0","{madrid|madrid|madrid|madrid}"
"michelin_1074+tripadvisor_70111","1.0","1.0","{auberge nicolas flamel|auberge nicolas flamel}","1.0","{paris|paris}"
"michelin_5150+tripadvisor_53661","1.0","1.0","{treze|treze}","1.0","{madrid|madrid}"
"michelin_417+tripadvisor_52749","1.0","1.0","{dstage|dstage}","1.0","{madrid|madrid}"
"michelin_1976+tripadvisor_94242","1.0","1.0","{shiki|shiki}","1.0","{vienna|vienna}"
"michelin_362+tripadvisor_94199","1.0","1.0","{mraz & sohn|mraz & sohn}","1.0","{vienna|vienna}"
"michelin_3839+tripadvisor_70337","0.5","0.0","{cucina|racina}","1.0","{paris|paris}"
"michelin_3361+tripadvisor_91837","0.5","0.0","{mathias dahlgren-matbaren|mathias dahlgren - matbaren}","1.0","{stockholm|stockholm}"
"michelin_1064+tripadvisor_71473+tripadvisor_76009","0.8333333333333333","0.6666666666666666","{l'écrin|l'ecrin|l'ecrin}","1.0","{paris|paris|paris}"
"michelin_1512+tripadvisor_70857","1.0","1.0","{nakatani|nakatani}","1.0","{paris|paris}"
"michelin_1052+tripadvisor_71260","0.5","0.0","{frédéric simonin|frederic simonin}","1.0","{paris|paris}"
"michelin_4230+tripadvisor_70908","1.0","1.0","{le radis beurre|le radis beurre}","1.0","{paris|paris}"
"michelin_3369+tripadvisor_91832+tripadvisor_92609","0.8333333333333333","0.6666666666666666","{lilla ego|lilla ego|lilla ekot}","1.0","{stockholm|stockholm|stockholm}"
"michelin_4221+tripadvisor_76819","1.0","1.0","{mokko|mokko}","1.0","{paris|paris}"
"michelin_3471+tripadvisor_357","1.0","1.0","{a-fusion|a-fusion}","1.0","{amsterdam|amsterdam}"
"michelin_3368+tripadvisor_22761","1.0","1.0","{anarki|anarki}","1.0","{copenhagen|copenhagen}"
"michelin_3355+tripadvisor_22521","1.0","1.0","{pluto|pluto}","1.0","{copenhagen|copenhagen}"
"michelin_1425+tripadvisor_70273+tripadvisor_70584+tripadvisor_78960","0.75","0.5","{l'archeste|l'artiste|l'archeste|l'archelle}","1.0","{paris|paris|paris|paris}"
"michelin_3654+tripadvisor_17483","1.0","1.0","{osteria bolognese|osteria bolognese}","1.0","{ixelles|ixelles}"
"michelin_222+tripadvisor_70170+tripadvisor_73146+tripadvisor_76836+tripadvisor_81805","0.7","0.4","{le clarence|le clarence|le carre|le surene|le maxence}","1.0","{paris|paris|paris|paris|paris}"
"michelin_150+tripadvisor_91854","1.0","1.0","{oaxen krog|oaxen krog}","1.0","{stockholm|stockholm}"
"michelin_229+tripadvisor_70318","1.0","1.0","{maison rostang|maison rostang}","1.0","{paris|paris}"
"michelin_1419+tripadvisor_77591+tripadvisor_80375+tripadvisor_80751","0.75","0.5","{sushi shunei|sushi sun|sushi sun|sushi shop}","1.0","{paris|paris|paris|paris}"
"michelin_2742+tripadvisor_60712","1.0","1.0","{iyo|iyo}","1.0","{milan|milan}"
"michelin_509+tripadvisor_60738","1.0","1.0","{il luogo di aimo e nadia|il luogo di aimo e nadia}","1.0","{milan|milan}"
"michelin_690+tripadvisor_30258","1.0","1.0","{ora|ora}","1.0","{helsinki|helsinki}"
"michelin_1068+tripadvisor_72481+tripadvisor_72992+tripadvisor_74436+tripadvisor_77363+tripadvisor_77932+tripadvisor_78025+tripadvisor_78277+tripadvisor_78357+tripadvisor_78842+tripadvisor_79118+tripadvisor_80679+tripadvisor_81386+tripadvisor_82022+tripadvisor_82196","0.6","0.2","{sushi b|sushiko|sushi wa|sushi club|sushi q|sushi bar|sushi cc|sushi 14|sushi bar|sushic|sushi dan|sushi zo|sushi ba|sushi'z|sushi bar}","1.0","{paris|paris|paris|paris|paris|paris|paris|paris|paris|paris|paris|paris|paris|paris|paris}"
"michelin_3537+tripadvisor_696","0.5","0.0","{fa. pekelhaaring|pekelhaaring}","1.0","{amsterdam|amsterdam}"
"michelin_3831+tripadvisor_70001+tripadvisor_77349","1.0","1.0","{au bon accueil|au bon accueil|au bon accueil}","1.0","{paris|paris|paris}"
"michelin_1128+tripadvisor_71366","1.0","1.0","{lucas carton|lucas carton}","1.0","{paris|paris}"
"michelin_4946+tripadvisor_33591","1.0","1.0","{saraiva's|saraiva's}","1.0","{lisbon|lisbon}"
"michelin_5688+tripadvisor_61708","1.0","1.0","{la cucina dei frigoriferi milanesi|la cucina dei frigoriferi milanesi}","1.0","{milan|milan}"
"michelin_1731+tripadvisor_66082","1.0","1.0","{les deux|les deux}","1.0","{munich|munich}"
"michelin_2272+tripadvisor_53038+tripadvisor_55132+tripadvisor_56639","0.5","0.0","{a'barra|a barra|la barra|a barca}","1.0","{madrid|madrid|madrid|madrid}"
"michelin_3860+tripadvisor_70490+tripadvisor_71358+tripadvisor_73358+tripadvisor_76386+tripadvisor_76569+tripadvisor_76913+tripadvisor_79056+tripadvisor_80705","0.6111111111111112","0.2222222222222222","{les petits parisiens|les petits plats|les petits papiers|les petites sorcieres|les petits chandeliers|le petit parisien|le petit paris|le petit paris|le petit laotien}","1.0","{paris|paris|paris|paris|paris|paris|paris|paris|paris}"
"michelin_1496+tripadvisor_70191+tripadvisor_71221+tripadvisor_80860","0.5","0.0","{marcore|marclee|marloe|marcory}","1.0","{paris|paris|paris|paris}"
"michelin_1063+tripadvisor_70326","1.0","1.0","{le baudelaire|le baudelaire}","1.0","{paris|paris}"
"michelin_63+tripadvisor_94353","1.0","1.0","{amador|amador}","1.0","{vienna|vienna}"
"michelin_1075+tripadvisor_70298","1.0","1.0","{le jules verne|le jules verne}","1.0","{paris|paris}"
"michelin_3829+tripadvisor_70239","1.0","1.0","{20 eiffel|20 eiffel}","1.0","{paris|paris}"
"michelin_1097+tripadvisor_71067+tripadvisor_75011","0.8333333333333333","0.6666666666666666","{aida|ida|aida}","1.0","{paris|paris|paris}"
"michelin_2775+tripadvisor_88359+tripadvisor_88820+tripadvisor_89822","1.0","1.0","{la terrazza|la terrazza|la terrazza|la terrazza}","1.0","{rome|rome|rome|rome}"
"michelin_1455+tripadvisor_72444","1.0","1.0","{divellec|divellec}","1.0","{paris|paris}"
"michelin_827+tripadvisor_51","1.0","1.0","{de kas|de kas}","1.0","{amsterdam|amsterdam}"
"michelin_3649+tripadvisor_18959","0.5","0.0","{appel thaï|appelthai}","1.0","{anderlecht|anderlecht}"
"michelin_255+tripadvisor_50387","0.5","0.0","{mère brazier|la mere brazier}","1.0","{lyon|lyon}"
"michelin_1058+tripadvisor_72331","1.0","1.0","{le sergent recruteur|le sergent recruteur}","1.0","{paris|paris}"
"michelin_1077+tripadvisor_70349","1.0","1.0","{virtus|virtus}","1.0","{paris|paris}"
