"AttributeName","Consistency","ValueIDS","RecordIDS","Values","FusedValue","IsCorrect","CorrectValue"
"Name","0.0","Name-{michelin_5148+tripadvisor_56367}","michelin_5148+tripadvisor_56367","{la maruca - velázquez|la barra de velazquez}","la barra de velazquez",,
"City","1.0","City-{michelin_1519+tripadvisor_70193+tripadvisor_74001+tripadvisor_79136}","michelin_1519+tripadvisor_70193+tripadvisor_74001+tripadvisor_79136","{paris|paris|paris|paris}","paris",,
"City","1.0","City-{michelin_1979+tripadvisor_94919}","michelin_1979+tripadvisor_94919","{vienna|vienna}","vienna",,
"Name","0.0","Name-{michelin_5712+tripadvisor_87956}","michelin_5712+tripadvisor_87956","{al ristoro degli angeli|il ristoro degli angeli}","al ristoro degli angeli",,
"City","1.0","City-{michelin_1977+tripadvisor_94107+tripadvisor_95223}","michelin_1977+tripadvisor_94107+tripadvisor_95223","{vienna|vienna|vienna}","vienna",,
"City","1.0","City-{michelin_17+tripadvisor_70301}","michelin_17+tripadvisor_70301","{paris|paris}","paris",,
"City","1.0","City-{michelin_1060+tripadvisor_69986}","michelin_1060+tripadvisor_69986","{paris|paris}","paris",,
"Name","0.0","Name-{michelin_4187+tripadvisor_70328}","michelin_4187+tripadvisor_70328","{les canailles pigalle|les pinces pigalle}","les canailles pigalle",,
"City","1.0","City-{michelin_1081+tripadvisor_69941+tripadvisor_70039+tripadvisor_70196+tripadvisor_70375+tripadvisor_70529+tripadvisor_70719+tripadvisor_70858+tripadvisor_70938+tripadvisor_71246+tripadvisor_71402+tripadvisor_71413+tripadvisor_71576+tripadvisor_71749+tripadvisor_71845+tripadvisor_72465+tripadvisor_72541+tripadvisor_72925+tripadvisor_73172+tripadvisor_73484+tripadvisor_74084+tripadvisor_74149+tripadvisor_74298+tripadvisor_74508+tripadvisor_75251+tripadvisor_75543+tripadvisor_75921+tripadvisor_76323+tripadvisor_76479+tripadvisor_76983+tripadvisor_77186+tripadvisor_77563+tripadvisor_77608+tripadvisor_77789+tripadvisor_77936+tripadvisor_78341+tripadvisor_79050+tripadvisor_79465+tripadvisor_79574+tripadvisor_79687+tripadvisor_80023+tripadvisor_80557+tripadvisor_80867+tripadvisor_81134+tripadvisor_81417+tripadvisor_81799+tripadvisor_81973}","michelin_1081+tripadvisor_69941+tripadvisor_70039+tripadvisor_70196+tripadvisor_70375+tripadvisor_70529+tripadvisor_70719+tripadvisor_70858+tripadvisor_70938+tripadvisor_71246+tripadvisor_71402+tripadvisor_71413+tripadvisor_71576+tripadvisor_71749+tripadvisor_71845+tripadvisor_72465+tripadvisor_72541+tripadvisor_72925+tripadvisor_73172+tripadvisor_73484+tripadvisor_74084+tripadvisor_74149+tripadvisor_74298+tripadvisor_74508+tripadvisor_75251+tripadvisor_75543+tripadvisor_75921+tripadvisor_76323+tripadvisor_76479+tripadvisor_76983+tripadvisor_77186+tripadvisor_77563+tripadvisor_77608+tripadvisor_77789+tripadvisor_77936+tripadvisor_78341+tripadvisor_79050+tripadvisor_79465+tripadvisor_79574+tripadvisor_79687+tripadvisor_80023+tripadvisor_80557+tripadvisor_80867+tripadvisor_81134+tripadvisor_81417+tripadvisor_81799+tripadvisor_81973","{paris|paris|paris|paris|paris|paris|paris|paris|paris|paris|paris|paris|paris|paris|paris|paris|paris|paris|paris|paris|paris|paris|paris|paris|paris|paris|paris|paris|paris|paris|paris|paris|paris|paris|paris|paris|paris|paris|paris|paris|paris|paris|paris|paris|paris|paris|paris}","paris",,
"City","1.0","City-{michelin_284+tripadvisor_50381}","michelin_284+tripadvisor_50381","{lyon|lyon}","lyon",,
"Name","1.0","Name-{michelin_922+tripadvisor_17720}","michelin_922+tripadvisor_17720","{le pigeon noir|le pigeon noir}","le pigeon noir",,
"City","1.0","City-{michelin_1474+tripadvisor_70093+tripadvisor_70786+tripadvisor_71830}","michelin_1474+tripadvisor_70093+tripadvisor_70786+tripadvisor_71830","{paris|paris|paris|paris}","paris",,
"Name","1.0","Name-{michelin_3662+tripadvisor_17588}","michelin_3662+tripadvisor_17588","{french kiss|french kiss}","french kiss",,
"Name","1.0","Name-{michelin_4024+tripadvisor_50531}","michelin_4024+tripadvisor_50531","{le tiroir|le tiroir}","le tiroir",,
"Name","1.0","Name-{michelin_1475+tripadvisor_71555}","michelin_1475+tripadvisor_71555","{quinsou|quinsou}","quinsou",,
"Name","0.0","Name-{michelin_828+tripadvisor_1279+tripadvisor_1610+tripadvisor_1780+tripadvisor_1860+tripadvisor_192+tripadvisor_204+tripadvisor_2788+tripadvisor_341+tripadvisor_5+tripadvisor_96}","michelin_828+tripadvisor_1279+tripadvisor_1610+tripadvisor_1780+tripadvisor_1860+tripadvisor_192+tripadvisor_204+tripadvisor_2788+tripadvisor_341+tripadvisor_5+tripadvisor_96","{le restaurant|albina restaurant|circl restaurant|golan restaurant|resturant|sham restaurant|serre restaurant|vive restaurant|bak restaurant|ciel bleu restaurant|looks restaurant}","ciel bleu restaurant",,
"Name","1.0","Name-{michelin_5728+tripadvisor_2939}","michelin_5728+tripadvisor_2939","{nolan|nolan}","nolan",,
"Name","1.0","Name-{michelin_1748+tripadvisor_66542}","michelin_1748+tripadvisor_66542","{sparkling bistro|sparkling bistro}","sparkling bistro",,
"Name","0.0","Name-{michelin_153+tripadvisor_91920}","michelin_153+tripadvisor_91920","{aloë|aloe}","aloë",,
"City","1.0","City-{michelin_2813+tripadvisor_82457}","michelin_2813+tripadvisor_82457","{prague|prague}","prague",,
"City","1.0","City-{michelin_5141+tripadvisor_53458+tripadvisor_57566+tripadvisor_58316}","michelin_5141+tripadvisor_53458+tripadvisor_57566+tripadvisor_58316","{madrid|madrid|madrid|madrid}","madrid",,
"Name","0.0","Name-{michelin_5711+tripadvisor_88988}","michelin_5711+tripadvisor_88988","{green t.|green tea}","green tea",,
"Name","1.0","Name-{michelin_5708+tripadvisor_90114}","michelin_5708+tripadvisor_90114","{domenico dal 1968|domenico dal 1968}","domenico dal 1968",,
"City","1.0","City-{michelin_1128+tripadvisor_71366}","michelin_1128+tripadvisor_71366","{paris|paris}","paris",,
"City","1.0","City-{michelin_3860+tripadvisor_70490+tripadvisor_71358+tripadvisor_73358+tripadvisor_76386+tripadvisor_76569+tripadvisor_76913+tripadvisor_79056+tripadvisor_80705}","michelin_3860+tripadvisor_70490+tripadvisor_71358+tripadvisor_73358+tripadvisor_76386+tripadvisor_76569+tripadvisor_76913+tripadvisor_79056+tripadvisor_80705","{paris|paris|paris|paris|paris|paris|paris|paris|paris}","paris",,
"City","1.0","City-{michelin_1419+tripadvisor_77591+tripadvisor_80375+tripadvisor_80751}","michelin_1419+tripadvisor_77591+tripadvisor_80375+tripadvisor_80751","{paris|paris|paris|paris}","paris",,
"City","1.0","City-{michelin_41+tripadvisor_70911}","michelin_41+tripadvisor_70911","{paris|paris}","paris",,
"City","1.0","City-{michelin_1054+tripadvisor_69954+tripadvisor_73149+tripadvisor_74143+tripadvisor_75583}","michelin_1054+tripadvisor_69954+tripadvisor_73149+tripadvisor_74143+tripadvisor_75583","{paris|paris|paris|paris|paris}","paris",,
"City","1.0","City-{michelin_1498+tripadvisor_79658}","michelin_1498+tripadvisor_79658","{paris|paris}","paris",,
"Name","1.0","Name-{michelin_710+tripadvisor_91975}","michelin_710+tripadvisor_91975","{agrikultur|agrikultur}","agrikultur",,
"City","1.0","City-{michelin_1101+tripadvisor_70255+tripadvisor_70378}","michelin_1101+tripadvisor_70255+tripadvisor_70378","{paris|paris|paris}","paris",,
"Name","1.0","Name-{michelin_673+tripadvisor_22530}","michelin_673+tripadvisor_22530","{formel b|formel b}","formel b",,
"Name","1.0","Name-{michelin_517+tripadvisor_2948}","michelin_517+tripadvisor_2948","{spondi|spondi}","spondi",,
"Name","1.0","Name-{michelin_2276+tripadvisor_53747}","michelin_2276+tripadvisor_53747","{gofio|gofio}","gofio",,
"Name","0.2","Name-{michelin_20+michelin_220+tripadvisor_69931+tripadvisor_71342+tripadvisor_71376+tripadvisor_72694+tripadvisor_73454+tripadvisor_77908+tripadvisor_78874+tripadvisor_81242}","michelin_20+michelin_220+tripadvisor_69931+tripadvisor_71342+tripadvisor_71376+tripadvisor_72694+tripadvisor_73454+tripadvisor_77908+tripadvisor_78874+tripadvisor_81242","{le cinq|la scène|le cinq|le coin|le china|la chine|le 1 cinq|la piscine|la piscine|le 5/cinq}","la piscine",,
"City","1.0","City-{michelin_2272+tripadvisor_53038+tripadvisor_55132+tripadvisor_56639}","michelin_2272+tripadvisor_53038+tripadvisor_55132+tripadvisor_56639","{madrid|madrid|madrid|madrid}","madrid",,
"City","1.0","City-{michelin_2268+tripadvisor_53269}","michelin_2268+tripadvisor_53269","{madrid|madrid}","madrid",,
"Name","1.0","Name-{michelin_1074+tripadvisor_70111}","michelin_1074+tripadvisor_70111","{auberge nicolas flamel|auberge nicolas flamel}","auberge nicolas flamel",,
"Name","0.5","Name-{michelin_1425+tripadvisor_70273+tripadvisor_70584+tripadvisor_78960}","michelin_1425+tripadvisor_70273+tripadvisor_70584+tripadvisor_78960","{l'archeste|l'artiste|l'archeste|l'archelle}","l'archelle",,
"Name","1.0","Name-{michelin_5146+tripadvisor_53597}","michelin_5146+tripadvisor_53597","{tepic|tepic}","tepic",,
"City","1.0","City-{michelin_1476+tripadvisor_70124}","michelin_1476+tripadvisor_70124","{paris|paris}","paris",,
"Name","0.6666666666666666","Name-{michelin_5687+tripadvisor_60834+tripadvisor_65408}","michelin_5687+tripadvisor_60834+tripadvisor_65408","{serendib|serendib|serendepico}","serendepico",,
"City","1.0","City-{michelin_63+tripadvisor_94353}","michelin_63+tripadvisor_94353","{vienna|vienna}","vienna",,
"City","1.0","City-{michelin_2115+tripadvisor_68655}","michelin_2115+tripadvisor_68655","{porto|porto}","porto",,
"Name","1.0","Name-{michelin_509+tripadvisor_60738}","michelin_509+tripadvisor_60738","{il luogo di aimo e nadia|il luogo di aimo e nadia}","il luogo di aimo e nadia",,
"Name","0.0","Name-{michelin_1407+tripadvisor_71518+tripadvisor_71600}","michelin_1407+tripadvisor_71518+tripadvisor_71600","{il carpaccio|il capriccio|le carpaccio}","le carpaccio",,
"City","1.0","City-{michelin_3828+tripadvisor_73602}","michelin_3828+tripadvisor_73602","{paris|paris}","paris",,
"City","1.0","City-{michelin_1059+tripadvisor_70293}","michelin_1059+tripadvisor_70293","{paris|paris}","paris",,
"City","1.0","City-{michelin_5703+tripadvisor_86934}","michelin_5703+tripadvisor_86934","{rome|rome}","rome",,
"City","1.0","City-{michelin_4675+tripadvisor_94097}","michelin_4675+tripadvisor_94097","{vienna|vienna}","vienna",,
"City","1.0","City-{michelin_3832+tripadvisor_70014}","michelin_3832+tripadvisor_70014","{paris|paris}","paris",,
"Name","1.0","Name-{michelin_1612+tripadvisor_68305}","michelin_1612+tripadvisor_68305","{mural|mural}","mural",,
"Name","1.0","Name-{michelin_2773+tripadvisor_86933}","michelin_2773+tripadvisor_86933","{pipero roma|pipero roma}","pipero roma",,
"City","1.0","City-{michelin_3451+tripadvisor_2145+tripadvisor_2156+tripadvisor_316+tripadvisor_498}","michelin_3451+tripadvisor_2145+tripadvisor_2156+tripadvisor_316+tripadvisor_498","{amsterdam|amsterdam|amsterdam|amsterdam|amsterdam}","amsterdam",,
"City","1.0","City-{michelin_4026+tripadvisor_50789}","michelin_4026+tripadvisor_50789","{lyon|lyon}","lyon",,
"City","1.0","City-{michelin_2779+tripadvisor_86898}","michelin_2779+tripadvisor_86898","{rome|rome}","rome",,
"Name","1.0","Name-{michelin_229+tripadvisor_70318}","michelin_229+tripadvisor_70318","{maison rostang|maison rostang}","maison rostang",,
"City","1.0","City-{michelin_1088+tripadvisor_72035+tripadvisor_72335+tripadvisor_75181+tripadvisor_75378+tripadvisor_80333+tripadvisor_80401}","michelin_1088+tripadvisor_72035+tripadvisor_72335+tripadvisor_75181+tripadvisor_75378+tripadvisor_80333+tripadvisor_80401","{paris|paris|paris|paris|paris|paris|paris}","paris",,
"City","1.0","City-{michelin_754+tripadvisor_251}","michelin_754+tripadvisor_251","{amsterdam|amsterdam}","amsterdam",,
"Name","1.0","Name-{michelin_1021+tripadvisor_50515}","michelin_1021+tripadvisor_50515","{miraflores|miraflores}","miraflores",,
"City","1.0","City-{michelin_3839+tripadvisor_70337}","michelin_3839+tripadvisor_70337","{paris|paris}","paris",,
"Name","1.0","Name-{michelin_396+tripadvisor_32220}","michelin_396+tripadvisor_32220","{belcanto|belcanto}","belcanto",,
"City","1.0","City-{michelin_150+tripadvisor_91854}","michelin_150+tripadvisor_91854","{stockholm|stockholm}","stockholm",,
"City","1.0","City-{michelin_4253+tripadvisor_66152}","michelin_4253+tripadvisor_66152","{munich|munich}","munich",,
"City","1.0","City-{michelin_3837+tripadvisor_69977}","michelin_3837+tripadvisor_69977","{paris|paris}","paris",,
"Name","1.0","Name-{michelin_4149+tripadvisor_70386}","michelin_4149+tripadvisor_70386","{mensae|mensae}","mensae",,
"Name","0.0","Name-{michelin_3364+tripadvisor_24066}","michelin_3364+tripadvisor_24066","{barabba|barabbas}","barabbas",,
"City","1.0","City-{michelin_414+tripadvisor_52768}","michelin_414+tripadvisor_52768","{madrid|madrid}","madrid",,
"Name","0.0","Name-{michelin_1052+tripadvisor_71260}","michelin_1052+tripadvisor_71260","{frédéric simonin|frederic simonin}","frederic simonin",,
"City","1.0","City-{michelin_182+tripadvisor_2742}","michelin_182+tripadvisor_2742","{amsterdam|amsterdam}","amsterdam",,
"Name","1.0","Name-{michelin_3840+tripadvisor_70433+tripadvisor_75168+tripadvisor_79135}","michelin_3840+tripadvisor_70433+tripadvisor_75168+tripadvisor_79135","{zen|zen|zen|zen}","zen",,
"City","1.0","City-{michelin_4154+tripadvisor_72480}","michelin_4154+tripadvisor_72480","{paris|paris}","paris",,
"City","1.0","City-{michelin_1496+tripadvisor_70191+tripadvisor_71221+tripadvisor_80860}","michelin_1496+tripadvisor_70191+tripadvisor_71221+tripadvisor_80860","{paris|paris|paris|paris}","paris",,
"Name","0.5","Name-{michelin_1490+tripadvisor_73073+tripadvisor_74640+tripadvisor_80951}","michelin_1490+tripadvisor_73073+tripadvisor_74640+tripadvisor_80951","{granite|grazie|graine|graine}","granite",,
"Name","1.0","Name-{michelin_1442+tripadvisor_70474}","michelin_1442+tripadvisor_70474","{qui plume la lune|qui plume la lune}","qui plume la lune",,
"Name","1.0","Name-{michelin_3654+tripadvisor_17483}","michelin_3654+tripadvisor_17483","{osteria bolognese|osteria bolognese}","osteria bolognese",,
"City","1.0","City-{michelin_1772+tripadvisor_66432}","michelin_1772+tripadvisor_66432","{munich|munich}","munich",,
"Name","0.0","Name-{michelin_1036+tripadvisor_71958}","michelin_1036+tripadvisor_71958","{akrame|okame}","akrame",,
"City","1.0","City-{michelin_111+tripadvisor_86791+tripadvisor_87901}","michelin_111+tripadvisor_86791+tripadvisor_87901","{rome|rome|rome}","rome",,
"City","1.0","City-{michelin_4171+tripadvisor_69994+tripadvisor_78152+tripadvisor_82195}","michelin_4171+tripadvisor_69994+tripadvisor_78152+tripadvisor_82195","{paris|paris|paris|paris}","paris",,
"Name","0.0","Name-{michelin_2124+tripadvisor_33729}","michelin_2124+tripadvisor_33729","{feitoria|leitaria}","feitoria",,
"City","1.0","City-{michelin_3836+tripadvisor_70036+tripadvisor_70791+tripadvisor_71242+tripadvisor_71524+tripadvisor_73060+tripadvisor_78449}","michelin_3836+tripadvisor_70036+tripadvisor_70791+tripadvisor_71242+tripadvisor_71524+tripadvisor_73060+tripadvisor_78449","{paris|paris|paris|paris|paris|paris|paris}","paris",,
"Name","0.6666666666666666","Name-{michelin_1232+tripadvisor_50397+tripadvisor_51525}","michelin_1232+tripadvisor_50397+tripadvisor_51525","{les terrasses de lyon|les terrasses de lyon|les terrasses du valdo}","les terrasses du valdo",,
"Name","0.6","Name-{michelin_1055+tripadvisor_70169+tripadvisor_71141+tripadvisor_71527+tripadvisor_81792}","michelin_1055+tripadvisor_70169+tripadvisor_71141+tripadvisor_71527+tripadvisor_81792","{l'orangerie|l'orangerie|la mangerie|l'orangerie|l'orange cafe}","l'orange cafe",,
"City","1.0","City-{michelin_2738+tripadvisor_60983}","michelin_2738+tripadvisor_60983","{milan|milan}","milan",,
"Name","1.0","Name-{michelin_3357+tripadvisor_30067}","michelin_3357+tripadvisor_30067","{gaijin|gaijin}","gaijin",,
"City","1.0","City-{michelin_514+tripadvisor_88211}","michelin_514+tripadvisor_88211","{rome|rome}","rome",,
"Name","1.0","Name-{michelin_2808+tripadvisor_2991}","michelin_2808+tripadvisor_2991","{ctc|ctc}","ctc",,
"Name","0.2222222222222222","Name-{michelin_5143+michelin_5144+tripadvisor_52858+tripadvisor_52995+tripadvisor_53742+tripadvisor_54268+tripadvisor_54324+tripadvisor_56264+tripadvisor_58694}","michelin_5143+michelin_5144+tripadvisor_52858+tripadvisor_52995+tripadvisor_53742+tripadvisor_54268+tripadvisor_54324+tripadvisor_56264+tripadvisor_58694","{taberna recreo|taberna úbeda|taberna laredo|taberna & media|taberna ubeda|taberna pedraza|taberna griega|taberna museo|taberna griega}","taberna & media",,
"City","1.0","City-{michelin_3885+tripadvisor_72786}","michelin_3885+tripadvisor_72786","{paris|paris}","paris",,
"City","1.0","City-{michelin_1055+tripadvisor_70169+tripadvisor_71141+tripadvisor_71527+tripadvisor_81792}","michelin_1055+tripadvisor_70169+tripadvisor_71141+tripadvisor_71527+tripadvisor_81792","{paris|paris|paris|paris|paris}","paris",,
"City","1.0","City-{michelin_713+tripadvisor_91869+tripadvisor_92443}","michelin_713+tripadvisor_91869+tripadvisor_92443","{stockholm|stockholm|stockholm}","stockholm",,
"Name","0.6666666666666666","Name-{michelin_1469+tripadvisor_70230+tripadvisor_81749}","michelin_1469+tripadvisor_70230+tripadvisor_81749","{septime|septime|sepide}","septime",,
"Name","0.0","Name-{michelin_3890+tripadvisor_70450+tripadvisor_77419}","michelin_3890+tripadvisor_70450+tripadvisor_77419","{richer|le richer|richart}","le richer",,
"City","1.0","City-{michelin_4211+tripadvisor_73048}","michelin_4211+tripadvisor_73048","{paris|paris}","paris",,
"Name","0.0","Name-{michelin_18+tripadvisor_69929}","michelin_18+tripadvisor_69929","{épicure|epicure}","épicure",,
"Name","1.0","Name-{michelin_1320+tripadvisor_50453}","michelin_1320+tripadvisor_50453","{prairial|prairial}","prairial",,
"City","1.0","City-{michelin_1409+tripadvisor_70082}","michelin_1409+tripadvisor_70082","{paris|paris}","paris",,
"Name","0.6666666666666666","Name-{michelin_3830+tripadvisor_70472+tripadvisor_72448}","michelin_3830+tripadvisor_70472+tripadvisor_72448","{l'antre amis|l'antre amis|quatre amis}","l'antre amis",,
"City","1.0","City-{michelin_4230+tripadvisor_70908}","michelin_4230+tripadvisor_70908","{paris|paris}","paris",,
"City","1.0","City-{michelin_3267+tripadvisor_70412}","michelin_3267+tripadvisor_70412","{paris|paris}","paris",,
"City","1.0","City-{michelin_417+tripadvisor_52749}","michelin_417+tripadvisor_52749","{madrid|madrid}","madrid",,
"City","1.0","City-{michelin_223+tripadvisor_70423}","michelin_223+tripadvisor_70423","{paris|paris}","paris",,
"City","1.0","City-{michelin_2735+tripadvisor_60777}","michelin_2735+tripadvisor_60777","{milan|milan}","milan",,
"City","1.0","City-{michelin_4123+tripadvisor_50446+tripadvisor_52131}","michelin_4123+tripadvisor_50446+tripadvisor_52131","{lyon|lyon|lyon}","lyon",,
"Name","1.0","Name-{michelin_690+tripadvisor_30258}","michelin_690+tripadvisor_30258","{ora|ora}","ora",,
"City","1.0","City-{michelin_4214+tripadvisor_76203}","michelin_4214+tripadvisor_76203","{paris|paris}","paris",,
"Name","1.0","Name-{michelin_3374+tripadvisor_22479}","michelin_3374+tripadvisor_22479","{marv & ben|marv & ben}","marv & ben",,
"City","1.0","City-{michelin_6+tripadvisor_22475}","michelin_6+tripadvisor_22475","{copenhagen|copenhagen}","copenhagen",,
"Name","0.0","Name-{michelin_2266+tripadvisor_55392+tripadvisor_59403+tripadvisor_60079}","michelin_2266+tripadvisor_55392+tripadvisor_59403+tripadvisor_60079","{la tasquería|la malquerida|la pesquera|la tuerta}","la malquerida",,
"Name","1.0","Name-{michelin_2775+tripadvisor_88359+tripadvisor_88820+tripadvisor_89822}","michelin_2775+tripadvisor_88359+tripadvisor_88820+tripadvisor_89822","{la terrazza|la terrazza|la terrazza|la terrazza}","la terrazza",,
"City","1.0","City-{michelin_3827+tripadvisor_71675}","michelin_3827+tripadvisor_71675","{paris|paris}","paris",,
"Name","1.0","Name-{michelin_3831+tripadvisor_70001+tripadvisor_77349}","michelin_3831+tripadvisor_70001+tripadvisor_77349","{au bon accueil|au bon accueil|au bon accueil}","au bon accueil",,
"City","1.0","City-{michelin_4670+tripadvisor_94257}","michelin_4670+tripadvisor_94257","{vienna|vienna}","vienna",,
"Name","1.0","Name-{michelin_1071+tripadvisor_70694}","michelin_1071+tripadvisor_70694","{helen|helen}","helen",,
"City","1.0","City-{michelin_5730+tripadvisor_82425}","michelin_5730+tripadvisor_82425","{prague|prague}","prague",,
"City","1.0","City-{michelin_3471+tripadvisor_357}","michelin_3471+tripadvisor_357","{amsterdam|amsterdam}","amsterdam",,
"City","1.0","City-{michelin_1563+tripadvisor_66396}","michelin_1563+tripadvisor_66396","{munich|munich}","munich",,
"City","1.0","City-{michelin_1041+tripadvisor_72413}","michelin_1041+tripadvisor_72413","{paris|paris}","paris",,
"Name","0.0","Name-{michelin_703+tripadvisor_91833}","michelin_703+tripadvisor_91833","{operakällaren|operakallaren}","operakallaren",,
"City","1.0","City-{michelin_242+tripadvisor_50371}","michelin_242+tripadvisor_50371","{lyon|lyon}","lyon",,
"Name","0.0","Name-{michelin_360+tripadvisor_94111+tripadvisor_97112}","michelin_360+tripadvisor_94111+tripadvisor_97112","{silvio nickol gourmet restaurant|silvio nickol gourmet restaurant palais coburg|glet'scha gourmetrestaurant}","silvio nickol gourmet restaurant palais coburg",,
"Name","1.0","Name-{michelin_4230+tripadvisor_70908}","michelin_4230+tripadvisor_70908","{le radis beurre|le radis beurre}","le radis beurre",,
"Name","0.6","Name-{michelin_1054+tripadvisor_69954+tripadvisor_73149+tripadvisor_74143+tripadvisor_75583}","michelin_1054+tripadvisor_69954+tripadvisor_73149+tripadvisor_74143+tripadvisor_75583","{le george|le george|le georges|le george|chez georges}","chez georges",,
"City","1.0","City-{michelin_1412+tripadvisor_70200+tripadvisor_81038}","michelin_1412+tripadvisor_70200+tripadvisor_81038","{paris|paris|paris}","paris",,
"Name","1.0","Name-{michelin_3267+tripadvisor_70412}","michelin_3267+tripadvisor_70412","{pages|pages}","pages",,
"Name","1.0","Name-{michelin_4944+tripadvisor_32601}","michelin_4944+tripadvisor_32601","{solar dos nunes|solar dos nunes}","solar dos nunes",,
"City","1.0","City-{michelin_4169+tripadvisor_71083+tripadvisor_81788}","michelin_4169+tripadvisor_71083+tripadvisor_81788","{paris|paris|paris}","paris",,
"Name","0.0","Name-{michelin_3845+tripadvisor_73130}","michelin_3845+tripadvisor_73130","{les résistants|les resistants}","les resistants",,
"City","1.0","City-{michelin_5705+tripadvisor_87169+tripadvisor_87200}","michelin_5705+tripadvisor_87169+tripadvisor_87200","{rome|rome|rome}","rome",,
"Name","0.6666666666666666","Name-{michelin_4123+tripadvisor_50446+tripadvisor_52131}","michelin_4123+tripadvisor_50446+tripadvisor_52131","{le jean moulin|le jean moulin|kebab jean moulin}","kebab jean moulin",,
"Name","1.0","Name-{michelin_5150+tripadvisor_53661}","michelin_5150+tripadvisor_53661","{treze|treze}","treze",,
"Name","1.0","Name-{michelin_1278+tripadvisor_50384}","michelin_1278+tripadvisor_50384","{guy lassausaie|guy lassausaie}","guy lassausaie",,
"City","1.0","City-{michelin_3526+tripadvisor_233}","michelin_3526+tripadvisor_233","{amsterdam|amsterdam}","amsterdam",,
"City","1.0","City-{michelin_3654+tripadvisor_17483}","michelin_3654+tripadvisor_17483","{ixelles|ixelles}","ixelles",,
"Name","1.0","Name-{michelin_284+tripadvisor_50381}","michelin_284+tripadvisor_50381","{takao takano|takao takano}","takao takano",,
"City","1.0","City-{michelin_153+tripadvisor_91920}","michelin_153+tripadvisor_91920","{stockholm|stockholm}","stockholm",,
"Name","1.0","Name-{michelin_5+tripadvisor_22469}","michelin_5+tripadvisor_22469","{geranium|geranium}","geranium",,
"City","1.0","City-{michelin_3537+tripadvisor_696}","michelin_3537+tripadvisor_696","{amsterdam|amsterdam}","amsterdam",,
"City","1.0","City-{michelin_3838+tripadvisor_70215+tripadvisor_76687}","michelin_3838+tripadvisor_70215+tripadvisor_76687","{paris|paris|paris}","paris",,
"Name","0.0","Name-{michelin_1131+tripadvisor_71065}","michelin_1131+tripadvisor_71065","{pavyllon|papillon}","pavyllon",,
"Name","0.0","Name-{michelin_1053+tripadvisor_70261}","michelin_1053+tripadvisor_70261","{neige d'été|neige d'ete}","neige d'ete",,
"Name","1.0","Name-{michelin_2771+tripadvisor_87365}","michelin_2771+tripadvisor_87365","{il convivio troiani|il convivio troiani}","il convivio troiani",,
"Name","1.0","Name-{michelin_3106+tripadvisor_20268}","michelin_3106+tripadvisor_20268","{costes|costes}","costes",,
"City","1.0","City-{michelin_5143+michelin_5144+tripadvisor_52858+tripadvisor_52995+tripadvisor_53742+tripadvisor_54268+tripadvisor_54324+tripadvisor_56264+tripadvisor_58694}","michelin_5143+michelin_5144+tripadvisor_52858+tripadvisor_52995+tripadvisor_53742+tripadvisor_54268+tripadvisor_54324+tripadvisor_56264+tripadvisor_58694","{madrid|madrid|madrid|madrid|madrid|madrid|madrid|madrid|madrid}","madrid",,
"City","1.0","City-{michelin_3864+tripadvisor_70371}","michelin_3864+tripadvisor_70371","{paris|paris}","paris",,
"City","1.0","City-{michelin_828+tripadvisor_1279+tripadvisor_1610+tripadvisor_1780+tripadvisor_1860+tripadvisor_192+tripadvisor_204+tripadvisor_2788+tripadvisor_341+tripadvisor_5+tripadvisor_96}","michelin_828+tripadvisor_1279+tripadvisor_1610+tripadvisor_1780+tripadvisor_1860+tripadvisor_192+tripadvisor_204+tripadvisor_2788+tripadvisor_341+tripadvisor_5+tripadvisor_96","{amsterdam|amsterdam|amsterdam|amsterdam|amsterdam|amsterdam|amsterdam|amsterdam|amsterdam|amsterdam|amsterdam}","amsterdam",,
"Name","0.0","Name-{michelin_220+tripadvisor_72694+tripadvisor_77908}","michelin_220+tripadvisor_72694+tripadvisor_77908","{la scène|la chine|la piscine}","la piscine",,
"Name","0.0","Name-{michelin_1088+tripadvisor_72035+tripadvisor_72335+tripadvisor_75181+tripadvisor_75378+tripadvisor_80333+tripadvisor_80401}","michelin_1088+tripadvisor_72035+tripadvisor_72335+tripadvisor_75181+tripadvisor_75378+tripadvisor_80333+tripadvisor_80401","{armani ristorante|marcello ristorante|lancetta ristorante|emporio armani ristorante|alba ristorante|amarena ristorante|paradiso ristorante}","emporio armani ristorante",,
"City","1.0","City-{michelin_3890+tripadvisor_70450+tripadvisor_77419}","michelin_3890+tripadvisor_70450+tripadvisor_77419","{paris|paris|paris}","paris",,
"City","1.0","City-{michelin_1482+tripadvisor_71082}","michelin_1482+tripadvisor_71082","{paris|paris}","paris",,
"City","1.0","City-{michelin_703+tripadvisor_91833}","michelin_703+tripadvisor_91833","{stockholm|stockholm}","stockholm",,
"Name","1.0","Name-{michelin_827+tripadvisor_51}","michelin_827+tripadvisor_51","{de kas|de kas}","de kas",,
"Name","1.0","Name-{michelin_4675+tripadvisor_94097}","michelin_4675+tripadvisor_94097","{mochi|mochi}","mochi",,
"City","1.0","City-{michelin_1065+tripadvisor_73849}","michelin_1065+tripadvisor_73849","{paris|paris}","paris",,
"Name","1.0","Name-{michelin_4671+tripadvisor_95122}","michelin_4671+tripadvisor_95122","{mast weinbistro|mast weinbistro}","mast weinbistro",,
"Name","0.0","Name-{michelin_5685+tripadvisor_60937}","michelin_5685+tripadvisor_60937","{dongiò|dongio'}","dongio'",,
"Name","1.0","Name-{michelin_2737+tripadvisor_60805}","michelin_2737+tripadvisor_60805","{sadler|sadler}","sadler",,
"Name","0.0","Name-{michelin_3537+tripadvisor_696}","michelin_3537+tripadvisor_696","{fa. pekelhaaring|pekelhaaring}","fa. pekelhaaring",,
"Name","1.0","Name-{michelin_4221+tripadvisor_76819}","michelin_4221+tripadvisor_76819","{mokko|mokko}","mokko",,
"City","1.0","City-{michelin_3883+michelin_4153+tripadvisor_71128+tripadvisor_75669+tripadvisor_76737+tripadvisor_77515}","michelin_3883+michelin_4153+tripadvisor_71128+tripadvisor_75669+tripadvisor_76737+tripadvisor_77515","{paris|paris|paris|paris|paris|paris}","paris",,
"City","1.0","City-{michelin_1039+tripadvisor_70165}","michelin_1039+tripadvisor_70165","{paris|paris}","paris",,
"City","1.0","City-{michelin_222+tripadvisor_70170+tripadvisor_73146+tripadvisor_76836+tripadvisor_81805}","michelin_222+tripadvisor_70170+tripadvisor_73146+tripadvisor_76836+tripadvisor_81805","{paris|paris|paris|paris|paris}","paris",,
"Name","0.6666666666666666","Name-{michelin_4169+tripadvisor_71083+tripadvisor_81788}","michelin_4169+tripadvisor_71083+tripadvisor_81788","{chez les anges|chez les anges|chez les filles}","chez les filles",,
"Name","1.0","Name-{michelin_3471+tripadvisor_357}","michelin_3471+tripadvisor_357","{a-fusion|a-fusion}","a-fusion",,
"Name","0.0","Name-{michelin_1092+tripadvisor_70346}","michelin_1092+tripadvisor_70346","{l'atelier de joël robuchon - st-germain|l'atelier de joel robuchon etoile}","l'atelier de joël robuchon - st-germain",,
"City","1.0","City-{michelin_197+tripadvisor_18372}","michelin_197+tripadvisor_18372","{uccle|uccle}","uccle",,
"Name","1.0","Name-{michelin_362+tripadvisor_94199}","michelin_362+tripadvisor_94199","{mraz & sohn|mraz & sohn}","mraz & sohn",,
"City","1.0","City-{michelin_1144+tripadvisor_50396}","michelin_1144+tripadvisor_50396","{lyon|lyon}","lyon",,
"Name","0.0","Name-{michelin_3858+tripadvisor_74629}","michelin_3858+tripadvisor_74629","{spoon|spoon 2}","spoon 2",,
"City","1.0","City-{michelin_1092+tripadvisor_70346}","michelin_1092+tripadvisor_70346","{paris|paris}","paris",,
"City","1.0","City-{michelin_1021+tripadvisor_50515}","michelin_1021+tripadvisor_50515","{lyon|lyon}","lyon",,
"Name","0.0425531914893617","Name-{michelin_1081+tripadvisor_69941+tripadvisor_70039+tripadvisor_70196+tripadvisor_70375+tripadvisor_70529+tripadvisor_70719+tripadvisor_70858+tripadvisor_70938+tripadvisor_71246+tripadvisor_71402+tripadvisor_71413+tripadvisor_71576+tripadvisor_71749+tripadvisor_71845+tripadvisor_72465+tripadvisor_72541+tripadvisor_72925+tripadvisor_73172+tripadvisor_73484+tripadvisor_74084+tripadvisor_74149+tripadvisor_74298+tripadvisor_74508+tripadvisor_75251+tripadvisor_75543+tripadvisor_75921+tripadvisor_76323+tripadvisor_76479+tripadvisor_76983+tripadvisor_77186+tripadvisor_77563+tripadvisor_77608+tripadvisor_77789+tripadvisor_77936+tripadvisor_78341+tripadvisor_79050+tripadvisor_79465+tripadvisor_79574+tripadvisor_79687+tripadvisor_80023+tripadvisor_80557+tripadvisor_80867+tripadvisor_81134+tripadvisor_81417+tripadvisor_81799+tripadvisor_81973}","michelin_1081+tripadvisor_69941+tripadvisor_70039+tripadvisor_70196+tripadvisor_70375+tripadvisor_70529+tripadvisor_70719+tripadvisor_70858+tripadvisor_70938+tripadvisor_71246+tripadvisor_71402+tripadvisor_71413+tripadvisor_71576+tripadvisor_71749+tripadvisor_71845+tripadvisor_72465+tripadvisor_72541+tripadvisor_72925+tripadvisor_73172+tripadvisor_73484+tripadvisor_74084+tripadvisor_74149+tripadvisor_74298+tripadvisor_74508+tripadvisor_75251+tripadvisor_75543+tripadvisor_75921+tripadvisor_76323+tripadvisor_76479+tripadvisor_76983+tripadvisor_77186+tripadvisor_77563+tripadvisor_77608+tripadvisor_77789+tripadvisor_77936+tripadvisor_78341+tripadvisor_79050+tripadvisor_79465+tripadvisor_79574+tripadvisor_79687+tripadvisor_80023+tripadvisor_80557+tripadvisor_80867+tripadvisor_81134+tripadvisor_81417+tripadvisor_81799+tripadvisor_81973","{restaurant h|restaurant h|restaurant le w|restaurant vivre|restaurant eels|restaurant mumi|restaurant liza|restaurant paul|restaurant a.t|restaurant niebe|restaurant ebis|restaurant es|restaurant edgar|restaurant cleo|restaurant galia|restaurant lumen|le restaurant erh|restaurant ehden|restaurant kiss|restaurant kiku|restaurant hevi|restaurant taki|restaurant sec|restaurant miam|restaurant k'si|restaurant pacha|restaurant zahle|restaurant ojia|restaurant elgi|restaurant as|restaurant ella|restaurant otis|restaurant mido|restaurant j v|restaurant rime|restaurant layal|restaurant koss|restaurant amour|restaurant ang|restaurant kai|restaurant jules|restaurant tao|restaurant kuai|restaurant pera|restaurant china|restaurant gr5|restaurant}","le restaurant erh",,
"City","1.0","City-{michelin_1360+tripadvisor_50445}","michelin_1360+tripadvisor_50445","{lyon|lyon}","lyon",,
"Name","1.0","Name-{michelin_1253+tripadvisor_50617}","michelin_1253+tripadvisor_50617","{les apothicaires|les apothicaires}","les apothicaires",,
"City","1.0","City-{michelin_3829+tripadvisor_70239}","michelin_3829+tripadvisor_70239","{paris|paris}","paris",,
"Name","0.6666666666666666","Name-{michelin_1110+tripadvisor_70417+tripadvisor_77670}","michelin_1110+tripadvisor_70417+tripadvisor_77670","{louis|louis|loumi's}","loumi's",,
"City","1.0","City-{michelin_673+tripadvisor_22530}","michelin_673+tripadvisor_22530","{copenhagen|copenhagen}","copenhagen",,
"City","1.0","City-{michelin_509+tripadvisor_60738}","michelin_509+tripadvisor_60738","{milan|milan}","milan",,
"City","1.0","City-{michelin_1232+tripadvisor_50397+tripadvisor_51525}","michelin_1232+tripadvisor_50397+tripadvisor_51525","{lyon|lyon|lyon}","lyon",,
"City","1.0","City-{michelin_3823+tripadvisor_73155}","michelin_3823+tripadvisor_73155","{paris|paris}","paris",,
"City","1.0","City-{michelin_1057+tripadvisor_75611}","michelin_1057+tripadvisor_75611","{paris|paris}","paris",,
"Name","0.0","Name-{michelin_146+tripadvisor_22567}","michelin_146+tripadvisor_22567","{kong hans kælder|kong hans kaelder}","kong hans kaelder",,
"Name","0.0","Name-{michelin_1066+michelin_1092+tripadvisor_70300+tripadvisor_70346}","michelin_1066+michelin_1092+tripadvisor_70300+tripadvisor_70346","{l'atelier de joël robuchon - étoile|l'atelier de joël robuchon - st-germain|l'atelier de joel robuchon|l'atelier de joel robuchon etoile}","l'atelier de joël robuchon - st-germain",,
"City","1.0","City-{michelin_1423+tripadvisor_69938+tripadvisor_78056}","michelin_1423+tripadvisor_69938+tripadvisor_78056","{paris|paris|paris}","paris",,
"Name","0.4","Name-{michelin_3826+tripadvisor_70922+tripadvisor_72908+tripadvisor_74570+tripadvisor_77783}","michelin_3826+tripadvisor_70922+tripadvisor_72908+tripadvisor_74570+tripadvisor_77783","{le grand bain|le grand pan|le grand bol|le grand bain|le grand carnot}","le grand carnot",,
"Name","0.0","Name-{michelin_361+michelin_4674+tripadvisor_94259+tripadvisor_95774+tripadvisor_96800}","michelin_361+michelin_4674+tripadvisor_94259+tripadvisor_95774+tripadvisor_96800","{steirereck im stadtpark|meierei im stadtpark|meierei am stadtpark|strock - am stadtpark|meierei im prater}","steirereck im stadtpark",,
"City","1.0","City-{michelin_681+tripadvisor_22483}","michelin_681+tripadvisor_22483","{copenhagen|copenhagen}","copenhagen",,
"Name","0.3333333333333333","Name-{michelin_1050+tripadvisor_70019+tripadvisor_70405+tripadvisor_72864+tripadvisor_73699+tripadvisor_80166}","michelin_1050+tripadvisor_70019+tripadvisor_70405+tripadvisor_72864+tripadvisor_73699+tripadvisor_80166","{l'arcane|l'arcane|l'armandie|l'arc cafe|l'affame|l'escale}","l'armandie",,
"City","1.0","City-{michelin_3106+tripadvisor_20268}","michelin_3106+tripadvisor_20268","{budapest|budapest}","budapest",,
"City","1.0","City-{michelin_5685+tripadvisor_60937}","michelin_5685+tripadvisor_60937","{milan|milan}","milan",,
"Name","1.0","Name-{michelin_238+tripadvisor_80072}","michelin_238+tripadvisor_80072","{l'oiseau blanc|l'oiseau blanc}","l'oiseau blanc",,
"City","1.0","City-{michelin_5728+tripadvisor_2939}","michelin_5728+tripadvisor_2939","{athens|athens}","athens",,
"City","1.0","City-{michelin_1320+tripadvisor_50453}","michelin_1320+tripadvisor_50453","{lyon|lyon}","lyon",,
"City","1.0","City-{michelin_4236+tripadvisor_50418}","michelin_4236+tripadvisor_50418","{lyon|lyon}","lyon",,
"Name","1.0","Name-{michelin_3355+tripadvisor_22521}","michelin_3355+tripadvisor_22521","{pluto|pluto}","pluto",,
"City","1.0","City-{michelin_1748+tripadvisor_66542}","michelin_1748+tripadvisor_66542","{munich|munich}","munich",,
"Name","1.0","Name-{michelin_363+tripadvisor_94258}","michelin_363+tripadvisor_94258","{konstantin filippou|konstantin filippou}","konstantin filippou",,
"City","1.0","City-{michelin_3830+tripadvisor_70472+tripadvisor_72448}","michelin_3830+tripadvisor_70472+tripadvisor_72448","{paris|paris|paris}","paris",,
"City","1.0","City-{michelin_396+tripadvisor_32220}","michelin_396+tripadvisor_32220","{lisbon|lisbon}","lisbon",,
"City","1.0","City-{michelin_1278+tripadvisor_50384}","michelin_1278+tripadvisor_50384","{chasselay|chasselay}","chasselay",,
"City","1.0","City-{michelin_1131+tripadvisor_71065}","michelin_1131+tripadvisor_71065","{paris|paris}","paris",,
"City","1.0","City-{michelin_2771+tripadvisor_87365}","michelin_2771+tripadvisor_87365","{rome|rome}","rome",,
"Name","0.0","Name-{michelin_1069+tripadvisor_70390+tripadvisor_70898}","michelin_1069+tripadvisor_70390+tripadvisor_70898","{l'arôme|l'arome|l'agrume}","l'agrume",,
"City","1.0","City-{michelin_686+tripadvisor_22512}","michelin_686+tripadvisor_22512","{copenhagen|copenhagen}","copenhagen",,
"City","1.0","City-{michelin_1976+tripadvisor_94242}","michelin_1976+tripadvisor_94242","{vienna|vienna}","vienna",,
"City","1.0","City-{michelin_4187+tripadvisor_70328}","michelin_4187+tripadvisor_70328","{paris|paris}","paris",,
"City","1.0","City-{michelin_1053+tripadvisor_70261}","michelin_1053+tripadvisor_70261","{paris|paris}","paris",,
"City","1.0","City-{michelin_1097+tripadvisor_71067+tripadvisor_75011}","michelin_1097+tripadvisor_71067+tripadvisor_75011","{paris|paris|paris}","paris",,
"City","1.0","City-{michelin_1098+tripadvisor_70640}","michelin_1098+tripadvisor_70640","{paris|paris}","paris",,
"City","1.0","City-{michelin_5140+tripadvisor_52877}","michelin_5140+tripadvisor_52877","{madrid|madrid}","madrid",,
"Name","1.0","Name-{michelin_3864+tripadvisor_70371}","michelin_3864+tripadvisor_70371","{l'hommage|l'hommage}","l'hommage",,
"Name","1.0","Name-{michelin_1060+tripadvisor_69986}","michelin_1060+tripadvisor_69986","{apicius|apicius}","apicius",,
"City","1.0","City-{michelin_3368+tripadvisor_22761}","michelin_3368+tripadvisor_22761","{copenhagen|copenhagen}","copenhagen",,
"Name","0.3333333333333333","Name-{michelin_3936+michelin_3954+tripadvisor_50417+tripadvisor_50494+tripadvisor_50636+tripadvisor_51980}","michelin_3936+michelin_3954+tripadvisor_50417+tripadvisor_50494+tripadvisor_50636+tripadvisor_51980","{m restaurant|saku restaurant|m restaurant|saku restaurant|mike restaurant|bombay restaurant}","bombay restaurant",,
"City","1.0","City-{michelin_5727+tripadvisor_3051}","michelin_5727+tripadvisor_3051","{athens|athens}","athens",,
"Name","1.0","Name-{michelin_796+tripadvisor_3}","michelin_796+tripadvisor_3","{vinkeles|vinkeles}","vinkeles",,
"City","1.0","City-{michelin_1038+tripadvisor_70356+tripadvisor_80845}","michelin_1038+tripadvisor_70356+tripadvisor_80845","{paris|paris|paris}","paris",,
"Name","1.0","Name-{michelin_672+tripadvisor_30109}","michelin_672+tripadvisor_30109","{demo|demo}","demo",,
"City","1.0","City-{michelin_1049+tripadvisor_70000+tripadvisor_76580}","michelin_1049+tripadvisor_70000+tripadvisor_76580","{paris|paris|paris}","paris",,
"City","1.0","City-{michelin_3470+tripadvisor_450}","michelin_3470+tripadvisor_450","{amsterdam|amsterdam}","amsterdam",,
"City","1.0","City-{michelin_4184+tripadvisor_50780}","michelin_4184+tripadvisor_50780","{lyon|lyon}","lyon",,
"Name","1.0","Name-{michelin_5689+tripadvisor_60726}","michelin_5689+tripadvisor_60726","{trippa|trippa}","trippa",,
"Name","1.0","Name-{michelin_4236+tripadvisor_50418}","michelin_4236+tripadvisor_50418","{le canut et les gones|le canut et les gones}","le canut et les gones",,
"City","1.0","City-{michelin_5150+tripadvisor_53661}","michelin_5150+tripadvisor_53661","{madrid|madrid}","madrid",,
"City","1.0","City-{michelin_2774+tripadvisor_86977}","michelin_2774+tripadvisor_86977","{rome|rome}","rome",,
"Name","1.0","Name-{michelin_935+tripadvisor_17586}","michelin_935+tripadvisor_17586","{wine in the city|wine in the city}","wine in the city",,
"Name","0.0","Name-{michelin_255+tripadvisor_50387}","michelin_255+tripadvisor_50387","{mère brazier|la mere brazier}","la mere brazier",,
"Name","1.0","Name-{michelin_333+tripadvisor_66140}","michelin_333+tripadvisor_66140","{atelier|atelier}","atelier",,
"City","1.0","City-{michelin_3355+tripadvisor_22521}","michelin_3355+tripadvisor_22521","{copenhagen|copenhagen}","copenhagen",,
"City","1.0","City-{michelin_5706+tripadvisor_88608}","michelin_5706+tripadvisor_88608","{rome|rome}","rome",,
"Name","1.0","Name-{michelin_3358+tripadvisor_91913}","michelin_3358+tripadvisor_91913","{kagges|kagges}","kagges",,
"Name","0.0","Name-{michelin_5705+tripadvisor_87169+tripadvisor_87200}","michelin_5705+tripadvisor_87169+tripadvisor_87200","{armando al pantheon|da armando al pantheon|antonio al pantheon}","da armando al pantheon",,
"Name","0.0","Name-{michelin_1144+tripadvisor_50396}","michelin_1144+tripadvisor_50396","{le gourmet de sèze|le gourmet de seze}","le gourmet de sèze",,
"Name","1.0","Name-{michelin_1360+tripadvisor_50445}","michelin_1360+tripadvisor_50445","{le passe temps|le passe temps}","le passe temps",,
"Name","0.0","Name-{michelin_3361+tripadvisor_91837}","michelin_3361+tripadvisor_91837","{mathias dahlgren-matbaren|mathias dahlgren - matbaren}","mathias dahlgren - matbaren",,
"Name","1.0","Name-{michelin_223+tripadvisor_70423}","michelin_223+tripadvisor_70423","{restaurant le meurice alain ducasse|restaurant le meurice alain ducasse}","restaurant le meurice alain ducasse",,
"City","1.0","City-{michelin_4221+tripadvisor_76819}","michelin_4221+tripadvisor_76819","{paris|paris}","paris",,
"City","1.0","City-{michelin_1083+tripadvisor_71326+tripadvisor_76612+tripadvisor_76840+tripadvisor_80582}","michelin_1083+tripadvisor_71326+tripadvisor_76612+tripadvisor_76840+tripadvisor_80582","{paris|paris|paris|paris|paris}","paris",,
"City","1.0","City-{michelin_3361+tripadvisor_91837}","michelin_3361+tripadvisor_91837","{stockholm|stockholm}","stockholm",,
"Name","1.0","Name-{michelin_150+tripadvisor_91854}","michelin_150+tripadvisor_91854","{oaxen krog|oaxen krog}","oaxen krog",,
"Name","0.0","Name-{michelin_1103+tripadvisor_70216}","michelin_1103+tripadvisor_70216","{la scène thélème|la scene theleme}","la scene theleme",,
"Name","1.0","Name-{michelin_1075+tripadvisor_70298}","michelin_1075+tripadvisor_70298","{le jules verne|le jules verne}","le jules verne",,
"Name","1.0","Name-{michelin_2115+tripadvisor_68655}","michelin_2115+tripadvisor_68655","{antiqvvm|antiqvvm}","antiqvvm",,
"Name","1.0","Name-{michelin_1057+tripadvisor_75611}","michelin_1057+tripadvisor_75611","{yoshinori|yoshinori}","yoshinori",,
"City","1.0","City-{michelin_2742+tripadvisor_60712}","michelin_2742+tripadvisor_60712","{milan|milan}","milan",,
"Name","1.0","Name-{michelin_2742+tripadvisor_60712}","michelin_2742+tripadvisor_60712","{iyo|iyo}","iyo",,
"City","1.0","City-{michelin_1075+tripadvisor_70298}","michelin_1075+tripadvisor_70298","{paris|paris}","paris",,
"Name","1.0","Name-{michelin_1974+tripadvisor_94256}","michelin_1974+tripadvisor_94256","{walter bauer|walter bauer}","walter bauer",,
"City","1.0","City-{michelin_175+tripadvisor_1023+tripadvisor_1139+tripadvisor_147+tripadvisor_150+tripadvisor_2366+tripadvisor_2534+tripadvisor_255+tripadvisor_331+tripadvisor_459+tripadvisor_666+tripadvisor_670+tripadvisor_71+tripadvisor_779+tripadvisor_79+tripadvisor_799+tripadvisor_85}","michelin_175+tripadvisor_1023+tripadvisor_1139+tripadvisor_147+tripadvisor_150+tripadvisor_2366+tripadvisor_2534+tripadvisor_255+tripadvisor_331+tripadvisor_459+tripadvisor_666+tripadvisor_670+tripadvisor_71+tripadvisor_779+tripadvisor_79+tripadvisor_799+tripadvisor_85","{amsterdam|amsterdam|amsterdam|amsterdam|amsterdam|amsterdam|amsterdam|amsterdam|amsterdam|amsterdam|amsterdam|amsterdam|amsterdam|amsterdam|amsterdam|amsterdam|amsterdam}","amsterdam",,
"City","1.0","City-{michelin_1063+tripadvisor_70326}","michelin_1063+tripadvisor_70326","{paris|paris}","paris",,
"Name","1.0","Name-{michelin_1065+tripadvisor_73849}","michelin_1065+tripadvisor_73849","{comice|comice}","comice",,
"City","1.0","City-{michelin_5+tripadvisor_22469}","michelin_5+tripadvisor_22469","{copenhagen|copenhagen}","copenhagen",,
"Name","1.0","Name-{michelin_3470+tripadvisor_450}","michelin_3470+tripadvisor_450","{scheepskameel|scheepskameel}","scheepskameel",,
"City","1.0","City-{michelin_220+tripadvisor_72694+tripadvisor_77908}","michelin_220+tripadvisor_72694+tripadvisor_77908","{paris|paris|paris}","paris",,
"Name","1.0","Name-{michelin_2774+tripadvisor_86977}","michelin_2774+tripadvisor_86977","{glass hostaria|glass hostaria}","glass hostaria",,
"Name","1.0","Name-{michelin_417+tripadvisor_52749}","michelin_417+tripadvisor_52749","{dstage|dstage}","dstage",,
"City","1.0","City-{michelin_1974+tripadvisor_94256}","michelin_1974+tripadvisor_94256","{vienna|vienna}","vienna",,
"City","1.0","City-{michelin_832+tripadvisor_129+tripadvisor_1677+tripadvisor_1752+tripadvisor_21+tripadvisor_2162+tripadvisor_2362+tripadvisor_2380+tripadvisor_2710+tripadvisor_2890+tripadvisor_29+tripadvisor_388}","michelin_832+tripadvisor_129+tripadvisor_1677+tripadvisor_1752+tripadvisor_21+tripadvisor_2162+tripadvisor_2362+tripadvisor_2380+tripadvisor_2710+tripadvisor_2890+tripadvisor_29+tripadvisor_388","{amsterdam|amsterdam|amsterdam|amsterdam|amsterdam|amsterdam|amsterdam|amsterdam|amsterdam|amsterdam|amsterdam|amsterdam}","amsterdam",,
"City","1.0","City-{michelin_798+tripadvisor_1371+tripadvisor_343}","michelin_798+tripadvisor_1371+tripadvisor_343","{amsterdam|amsterdam|amsterdam}","amsterdam",,
"City","1.0","City-{michelin_517+tripadvisor_2948}","michelin_517+tripadvisor_2948","{athens|athens}","athens",,
"City","1.0","City-{michelin_710+tripadvisor_91975}","michelin_710+tripadvisor_91975","{stockholm|stockholm}","stockholm",,
"Name","1.0","Name-{michelin_82+tripadvisor_52766}","michelin_82+tripadvisor_52766","{diverxo|diverxo}","diverxo",,
"City","1.0","City-{michelin_5689+tripadvisor_60726}","michelin_5689+tripadvisor_60726","{milan|milan}","milan",,
"Name","0.0","Name-{michelin_175+tripadvisor_1023+tripadvisor_1139+tripadvisor_147+tripadvisor_150+tripadvisor_2366+tripadvisor_2534+tripadvisor_255+tripadvisor_331+tripadvisor_459+tripadvisor_666+tripadvisor_670+tripadvisor_71+tripadvisor_779+tripadvisor_79+tripadvisor_799+tripadvisor_85}","michelin_175+tripadvisor_1023+tripadvisor_1139+tripadvisor_147+tripadvisor_150+tripadvisor_2366+tripadvisor_2534+tripadvisor_255+tripadvisor_331+tripadvisor_459+tripadvisor_666+tripadvisor_670+tripadvisor_71+tripadvisor_779+tripadvisor_79+tripadvisor_799+tripadvisor_85","{restaurant 212|restaurant rimini|restaurant tht|restaurant bleu|restaurant choux|restaurant 95|restaurant view|restaurant envy|restaurant miu|restaurant gusto|restaurant as|restaurant freud|restaurant breda|restaurant ds|restaurant red|restaurant teun|restaurant tomaz}","restaurant rimini",,
"Name","0.6666666666666666","Name-{michelin_1423+tripadvisor_69938+tripadvisor_78056}","michelin_1423+tripadvisor_69938+tripadvisor_78056","{alliance|alliance|alliance 3}","alliance 3",,
"Name","1.0","Name-{michelin_4184+tripadvisor_50780}","michelin_4184+tripadvisor_50780","{racine|racine}","racine",,
"Name","0.0","Name-{michelin_1422+tripadvisor_69937}","michelin_1422+tripadvisor_69937","{pur' - jean-françois rouquette|pur' - jean-francois rouquette}","pur' - jean-françois rouquette",,
"City","1.0","City-{michelin_1442+tripadvisor_70474}","michelin_1442+tripadvisor_70474","{paris|paris}","paris",,
"Name","0.6666666666666666","Name-{michelin_1101+tripadvisor_70255+tripadvisor_70378}","michelin_1101+tripadvisor_70255+tripadvisor_70378","{benoit|benedict|benoit}","benedict",,
"Name","1.0","Name-{michelin_1772+tripadvisor_66432}","michelin_1772+tripadvisor_66432","{showroom|showroom}","showroom",,
"Name","1.0","Name-{michelin_3371+tripadvisor_91953}","michelin_3371+tripadvisor_91953","{brasserie bobonne|brasserie bobonne}","brasserie bobonne",,
"City","1.0","City-{michelin_5687+tripadvisor_60834+tripadvisor_65408}","michelin_5687+tripadvisor_60834+tripadvisor_65408","{milan|milan|milan}","milan",,
"Name","1.0","Name-{michelin_1976+tripadvisor_94242}","michelin_1976+tripadvisor_94242","{shiki|shiki}","shiki",,
"Name","1.0","Name-{michelin_757+tripadvisor_262}","michelin_757+tripadvisor_262","{bolenius|bolenius}","bolenius",,
"Name","0.0","Name-{michelin_1098+tripadvisor_70640}","michelin_1098+tripadvisor_70640","{relais louis xiii|le relais louis xiii}","le relais louis xiii",,
"Name","0.0","Name-{michelin_4026+tripadvisor_50789}","michelin_4026+tripadvisor_50789","{sauf imprévu|sauf imprevu}","sauf imprévu",,
"Name","0.0","Name-{michelin_4154+tripadvisor_72480}","michelin_4154+tripadvisor_72480","{les canailles ménilmontant|les canailles menilmontant}","les canailles menilmontant",,
"City","1.0","City-{michelin_1036+tripadvisor_71958}","michelin_1036+tripadvisor_71958","{paris|paris}","paris",,
"Name","1.0","Name-{michelin_2738+tripadvisor_60983}","michelin_2738+tripadvisor_60983","{innocenti evasioni|innocenti evasioni}","innocenti evasioni",,
"Name","1.0","Name-{michelin_152+tripadvisor_22596}","michelin_152+tripadvisor_22596","{alchemist|alchemist}","alchemist",,
"Name","0.4","Name-{michelin_222+tripadvisor_70170+tripadvisor_73146+tripadvisor_76836+tripadvisor_81805}","michelin_222+tripadvisor_70170+tripadvisor_73146+tripadvisor_76836+tripadvisor_81805","{le clarence|le clarence|le carre|le surene|le maxence}","le clarence",,
"Name","0.4","Name-{michelin_4212+tripadvisor_70879+tripadvisor_72343+tripadvisor_73239+tripadvisor_74156}","michelin_4212+tripadvisor_70879+tripadvisor_72343+tripadvisor_73239+tripadvisor_74156","{pho tai|pho tai|pho thai|pad thai|pho mui}","pad thai",,
"Name","1.0","Name-{michelin_3368+tripadvisor_22761}","michelin_3368+tripadvisor_22761","{anarki|anarki}","anarki",,
"Name","0.0","Name-{michelin_1102+michelin_3820+tripadvisor_78931}","michelin_1102+michelin_3820+tripadvisor_78931","{oka|mova|moka}","mova",,
"Name","1.0","Name-{michelin_5140+tripadvisor_52877}","michelin_5140+tripadvisor_52877","{las tortillas de gabino|las tortillas de gabino}","las tortillas de gabino",,
"Name","1.0","Name-{michelin_681+tripadvisor_22483}","michelin_681+tripadvisor_22483","{kokkeriet|kokkeriet}","kokkeriet",,
"City","1.0","City-{michelin_3357+tripadvisor_30067}","michelin_3357+tripadvisor_30067","{helsinki|helsinki}","helsinki",,
"Name","0.0","Name-{michelin_242+tripadvisor_50371}","michelin_242+tripadvisor_50371","{le neuvième art|le neuvieme art}","le neuvieme art",,
"Name","1.0","Name-{michelin_3832+tripadvisor_70014}","michelin_3832+tripadvisor_70014","{pottoka|pottoka}","pottoka",,
"City","1.0","City-{michelin_4212+tripadvisor_70879+tripadvisor_72343+tripadvisor_73239+tripadvisor_74156}","michelin_4212+tripadvisor_70879+tripadvisor_72343+tripadvisor_73239+tripadvisor_74156","{paris|paris|paris|paris|paris}","paris",,
"City","1.0","City-{michelin_1071+tripadvisor_70694}","michelin_1071+tripadvisor_70694","{paris|paris}","paris",,
"Name","0.0","Name-{michelin_17+tripadvisor_70301}","michelin_17+tripadvisor_70301","{arpège|l'arpege}","l'arpege",,
"City","1.0","City-{michelin_363+tripadvisor_94258}","michelin_363+tripadvisor_94258","{vienna|vienna}","vienna",,
"City","1.0","City-{michelin_2124+tripadvisor_33729}","michelin_2124+tripadvisor_33729","{lisbon|lisbon}","lisbon",,
"City","1.0","City-{michelin_2122+tripadvisor_32376}","michelin_2122+tripadvisor_32376","{lisbon|lisbon}","lisbon",,
"City","1.0","City-{michelin_1103+tripadvisor_70216}","michelin_1103+tripadvisor_70216","{paris|paris}","paris",,
"Name","1.0","Name-{michelin_63+tripadvisor_94353}","michelin_63+tripadvisor_94353","{amador|amador}","amador",,
"Name","0.6666666666666666","Name-{michelin_1038+tripadvisor_70356+tripadvisor_80845}","michelin_1038+tripadvisor_70356+tripadvisor_80845","{la dame de pic|la dame de pic|le cafe de paris}","le cafe de paris",,
"Name","1.0","Name-{michelin_4253+tripadvisor_66152}","michelin_4253+tripadvisor_66152","{freisinger hof|freisinger hof}","freisinger hof",,
"Name","0.5","Name-{michelin_1474+tripadvisor_70093+tripadvisor_70786+tripadvisor_71830}","michelin_1474+tripadvisor_70093+tripadvisor_70786+tripadvisor_71830","{sola|sola|soya|soma}","soya",,
"City","1.0","City-{michelin_674+tripadvisor_22482}","michelin_674+tripadvisor_22482","{copenhagen|copenhagen}","copenhagen",,
"Name","0.5","Name-{michelin_1519+tripadvisor_70193+tripadvisor_74001+tripadvisor_79136}","michelin_1519+tripadvisor_70193+tripadvisor_74001+tripadvisor_79136","{auguste|auguste|augustin|l'auguste}","l'auguste",,
"Name","0.0","Name-{michelin_3837+tripadvisor_69977}","michelin_3837+tripadvisor_69977","{auberge pyrénées cévennes|auberge des pyrenees cevennes}","auberge des pyrenees cevennes",,
"Name","1.0","Name-{michelin_679+tripadvisor_22607}","michelin_679+tripadvisor_22607","{marchal|marchal}","marchal",,
"City","1.0","City-{michelin_3858+tripadvisor_74629}","michelin_3858+tripadvisor_74629","{paris|paris}","paris",,
"City","1.0","City-{michelin_1512+tripadvisor_70857}","michelin_1512+tripadvisor_70857","{paris|paris}","paris",,
"Name","0.0","Name-{michelin_2268+tripadvisor_53269}","michelin_2268+tripadvisor_53269","{gaytán|gaytan}","gaytán",,
"Name","0.6666666666666666","Name-{michelin_713+tripadvisor_91869+tripadvisor_92443}","michelin_713+tripadvisor_91869+tripadvisor_92443","{sushi sho|sushi sho|sushishop}","sushishop",,
"City","1.0","City-{michelin_82+tripadvisor_52766}","michelin_82+tripadvisor_52766","{madrid|madrid}","madrid",,
"City","1.0","City-{michelin_3861+tripadvisor_72254}","michelin_3861+tripadvisor_72254","{paris|paris}","paris",,
"Name","1.0","Name-{michelin_1063+tripadvisor_70326}","michelin_1063+tripadvisor_70326","{le baudelaire|le baudelaire}","le baudelaire",,
"Name","1.0","Name-{michelin_2766+tripadvisor_86878}","michelin_2766+tripadvisor_86878","{moma|moma}","moma",,
"Name","1.0","Name-{michelin_415+tripadvisor_53481}","michelin_415+tripadvisor_53481","{coque|coque}","coque",,
"Name","0.0","Name-{michelin_1083+tripadvisor_71326+tripadvisor_76612+tripadvisor_76840+tripadvisor_80582}","michelin_1083+tripadvisor_71326+tripadvisor_76612+tripadvisor_76840+tripadvisor_80582","{le chiberta|chiberta|le cherfa|le colbert|le ribera}","le chiberta",,
"Name","0.0","Name-{michelin_3839+tripadvisor_70337}","michelin_3839+tripadvisor_70337","{cucina|racina}","racina",,
"City","1.0","City-{michelin_3850+tripadvisor_70840+tripadvisor_71140}","michelin_3850+tripadvisor_70840+tripadvisor_71140","{paris|paris|paris}","paris",,
"City","1.0","City-{michelin_362+tripadvisor_94199}","michelin_362+tripadvisor_94199","{vienna|vienna}","vienna",,
"Name","1.0","Name-{michelin_1476+tripadvisor_70124}","michelin_1476+tripadvisor_70124","{mavrommatis|mavrommatis}","mavrommatis",,
"Name","1.0","Name-{michelin_3823+tripadvisor_73155}","michelin_3823+tripadvisor_73155","{etsi|etsi}","etsi",,
"Name","0.5","Name-{michelin_1419+tripadvisor_77591+tripadvisor_80375+tripadvisor_80751}","michelin_1419+tripadvisor_77591+tripadvisor_80375+tripadvisor_80751","{sushi shunei|sushi sun|sushi sun|sushi shop}","sushi shunei",,
"City","1.0","City-{michelin_146+tripadvisor_22567}","michelin_146+tripadvisor_22567","{copenhagen|copenhagen}","copenhagen",,
"Name","1.0","Name-{michelin_320+tripadvisor_66061}","michelin_320+tripadvisor_66061","{tantris|tantris}","tantris",,
"City","1.0","City-{michelin_690+tripadvisor_30258}","michelin_690+tripadvisor_30258","{helsinki|helsinki}","helsinki",,
"Name","0.6666666666666666","Name-{michelin_1097+tripadvisor_71067+tripadvisor_75011}","michelin_1097+tripadvisor_71067+tripadvisor_75011","{aida|ida|aida}","aida",,
"City","1.0","City-{michelin_1069+tripadvisor_70390+tripadvisor_70898}","michelin_1069+tripadvisor_70390+tripadvisor_70898","{paris|paris|paris}","paris",,
"City","1.0","City-{michelin_3358+tripadvisor_91913}","michelin_3358+tripadvisor_91913","{stockholm|stockholm}","stockholm",,
"Name","0.2","Name-{michelin_1068+tripadvisor_72481+tripadvisor_72992+tripadvisor_74436+tripadvisor_77363+tripadvisor_77932+tripadvisor_78025+tripadvisor_78277+tripadvisor_78357+tripadvisor_78842+tripadvisor_79118+tripadvisor_80679+tripadvisor_81386+tripadvisor_82022+tripadvisor_82196}","michelin_1068+tripadvisor_72481+tripadvisor_72992+tripadvisor_74436+tripadvisor_77363+tripadvisor_77932+tripadvisor_78025+tripadvisor_78277+tripadvisor_78357+tripadvisor_78842+tripadvisor_79118+tripadvisor_80679+tripadvisor_81386+tripadvisor_82022+tripadvisor_82196","{sushi b|sushiko|sushi wa|sushi club|sushi q|sushi bar|sushi cc|sushi 14|sushi bar|sushic|sushi dan|sushi zo|sushi ba|sushi'z|sushi bar}","sushi club",,
"Name","1.0","Name-{michelin_1039+tripadvisor_70165}","michelin_1039+tripadvisor_70165","{shang palace|shang palace}","shang palace",,
"Name","1.0","Name-{michelin_2811+tripadvisor_3006}","michelin_2811+tripadvisor_3006","{hytra|hytra}","hytra",,
"Name","1.0","Name-{michelin_1409+tripadvisor_70082}","michelin_1409+tripadvisor_70082","{frenchie|frenchie}","frenchie",,
"City","1.0","City-{michelin_4671+tripadvisor_95122}","michelin_4671+tripadvisor_95122","{vienna|vienna}","vienna",,
"Name","0.42857142857142855","Name-{michelin_3836+tripadvisor_70036+tripadvisor_70791+tripadvisor_71242+tripadvisor_71524+tripadvisor_73060+tripadvisor_78449}","michelin_3836+tripadvisor_70036+tripadvisor_70791+tripadvisor_71242+tripadvisor_71524+tripadvisor_73060+tripadvisor_78449","{chez michel|chez marcel|cafe michel|chez michel|chez minna|chez michel|chez adel}","chez michel",,
"Name","0.6666666666666666","Name-{michelin_1045+michelin_3825+tripadvisor_70355}","michelin_1045+michelin_3825+tripadvisor_70355","{yam'tcha|lai'tcha|yam'tcha}","yam'tcha",,
"Name","0.0","Name-{michelin_2272+tripadvisor_53038+tripadvisor_55132+tripadvisor_56639}","michelin_2272+tripadvisor_53038+tripadvisor_55132+tripadvisor_56639","{a'barra|a barra|la barra|a barca}","la barra",,
"Name","1.0","Name-{michelin_41+tripadvisor_70911}","michelin_41+tripadvisor_70911","{l'ambroisie|l'ambroisie}","l'ambroisie",,
"Name","0.0","Name-{michelin_5727+tripadvisor_3051}","michelin_5727+tripadvisor_3051","{oikeîo|oikeio}","oikeio",,
"Name","1.0","Name-{michelin_5706+tripadvisor_88608}","michelin_5706+tripadvisor_88608","{profumo di mirto|profumo di mirto}","profumo di mirto",,
"Name","0.0","Name-{michelin_5141+tripadvisor_53458+tripadvisor_57566+tripadvisor_58316}","michelin_5141+tripadvisor_53458+tripadvisor_57566+tripadvisor_58316","{casa mortero|casa sotero|casa arturo|casa otero}","casa mortero",,
"City","1.0","City-{michelin_225+tripadvisor_69960}","michelin_225+tripadvisor_69960","{paris|paris}","paris",,
"City","1.0","City-{michelin_3356+tripadvisor_22515}","michelin_3356+tripadvisor_22515","{copenhagen|copenhagen}","copenhagen",,
"City","1.0","City-{michelin_1425+tripadvisor_70273+tripadvisor_70584+tripadvisor_78960}","michelin_1425+tripadvisor_70273+tripadvisor_70584+tripadvisor_78960","{paris|paris|paris|paris}","paris",,
"City","1.0","City-{michelin_5148+tripadvisor_56367}","michelin_5148+tripadvisor_56367","{madrid|madrid}","madrid",,
"City","1.0","City-{michelin_2808+tripadvisor_2991}","michelin_2808+tripadvisor_2991","{athens|athens}","athens",,
"City","1.0","City-{michelin_3845+tripadvisor_73130}","michelin_3845+tripadvisor_73130","{paris|paris}","paris",,
"City","1.0","City-{michelin_2264+tripadvisor_55846+tripadvisor_60311}","michelin_2264+tripadvisor_55846+tripadvisor_60311","{madrid|madrid|madrid}","madrid",,
"City","1.0","City-{michelin_4944+tripadvisor_32601}","michelin_4944+tripadvisor_32601","{lisbon|lisbon}","lisbon",,
"City","1.0","City-{michelin_1102+michelin_3820+tripadvisor_78931}","michelin_1102+michelin_3820+tripadvisor_78931","{paris|paris|paris}","paris",,
"City","1.0","City-{michelin_2734+tripadvisor_60709}","michelin_2734+tripadvisor_60709","{milan|milan}","milan",,
"Name","0.375","Name-{michelin_2269+tripadvisor_53094+tripadvisor_53499+tripadvisor_54329+tripadvisor_56899+tripadvisor_57615+tripadvisor_59459+tripadvisor_59806}","michelin_2269+tripadvisor_53094+tripadvisor_53499+tripadvisor_54329+tripadvisor_56899+tripadvisor_57615+tripadvisor_59459+tripadvisor_59806","{clos madrid|gustos madrid|stop madrid|lux madrid|stop madrid|stop madrid|charlotte madrid|cafe madrid}","charlotte madrid",,
"Name","0.0","Name-{michelin_1496+tripadvisor_70191+tripadvisor_71221+tripadvisor_80860}","michelin_1496+tripadvisor_70191+tripadvisor_71221+tripadvisor_80860","{marcore|marclee|marloe|marcory}","marcory",,
"City","1.0","City-{michelin_1050+tripadvisor_70019+tripadvisor_70405+tripadvisor_72864+tripadvisor_73699+tripadvisor_80166}","michelin_1050+tripadvisor_70019+tripadvisor_70405+tripadvisor_72864+tripadvisor_73699+tripadvisor_80166","{paris|paris|paris|paris|paris|paris}","paris",,
"City","1.0","City-{michelin_2269+tripadvisor_53094+tripadvisor_53499+tripadvisor_54329+tripadvisor_56899+tripadvisor_57615+tripadvisor_59459+tripadvisor_59806}","michelin_2269+tripadvisor_53094+tripadvisor_53499+tripadvisor_54329+tripadvisor_56899+tripadvisor_57615+tripadvisor_59459+tripadvisor_59806","{madrid|madrid|madrid|madrid|madrid|madrid|madrid|madrid}","madrid",,
"City","1.0","City-{michelin_1110+tripadvisor_70417+tripadvisor_77670}","michelin_1110+tripadvisor_70417+tripadvisor_77670","{paris|paris|paris}","paris",,
"City","1.0","City-{michelin_4165+tripadvisor_71426+tripadvisor_78731}","michelin_4165+tripadvisor_71426+tripadvisor_78731","{paris|paris|paris}","paris",,
"Name","0.0","Name-{michelin_414+tripadvisor_52768}","michelin_414+tripadvisor_52768","{ramón freixa madrid|ramon freixa madrid}","ramon freixa madrid",,
"Name","0.0","Name-{michelin_686+tripadvisor_22512}","michelin_686+tripadvisor_22512","{søllerød kro|sollerod kro}","søllerød kro",,
"City","1.0","City-{michelin_1407+tripadvisor_71518+tripadvisor_71600}","michelin_1407+tripadvisor_71518+tripadvisor_71600","{paris|paris|paris}","paris",,
"City","1.0","City-{michelin_2775+tripadvisor_88359+tripadvisor_88820+tripadvisor_89822}","michelin_2775+tripadvisor_88359+tripadvisor_88820+tripadvisor_89822","{rome|rome|rome|rome}","rome",,
"Name","1.0","Name-{michelin_514+tripadvisor_88211}","michelin_514+tripadvisor_88211","{il pagliaccio|il pagliaccio}","il pagliaccio",,
"City","1.0","City-{michelin_1469+tripadvisor_70230+tripadvisor_81749}","michelin_1469+tripadvisor_70230+tripadvisor_81749","{paris|paris|paris}","paris",,
"Name","1.0","Name-{michelin_1041+tripadvisor_72413}","michelin_1041+tripadvisor_72413","{pertinence|pertinence}","pertinence",,
"City","1.0","City-{michelin_238+tripadvisor_80072}","michelin_238+tripadvisor_80072","{paris|paris}","paris",,
"Name","0.0","Name-{michelin_182+tripadvisor_2742}","michelin_182+tripadvisor_2742","{flore|flora}","flora",,
"City","1.0","City-{michelin_3840+tripadvisor_70433+tripadvisor_75168+tripadvisor_79135}","michelin_3840+tripadvisor_70433+tripadvisor_75168+tripadvisor_79135","{paris|paris|paris|paris}","paris",,
"City","1.0","City-{michelin_1490+tripadvisor_73073+tripadvisor_74640+tripadvisor_80951}","michelin_1490+tripadvisor_73073+tripadvisor_74640+tripadvisor_80951","{paris|paris|paris|paris}","paris",,
"Name","1.0","Name-{michelin_1563+tripadvisor_66396}","michelin_1563+tripadvisor_66396","{acquarello|acquarello}","acquarello",,
"City","1.0","City-{michelin_320+tripadvisor_66061}","michelin_320+tripadvisor_66061","{munich|munich}","munich",,
"City","1.0","City-{michelin_3364+tripadvisor_24066}","michelin_3364+tripadvisor_24066","{copenhagen|copenhagen}","copenhagen",,
"City","1.0","City-{michelin_1612+tripadvisor_68305}","michelin_1612+tripadvisor_68305","{munich|munich}","munich",,
"Name","0.6666666666666666","Name-{michelin_1049+tripadvisor_70000+tripadvisor_76580}","michelin_1049+tripadvisor_70000+tripadvisor_76580","{les climats|les climats|les animals}","les animals",,
"City","1.0","City-{michelin_2266+tripadvisor_55392+tripadvisor_59403+tripadvisor_60079}","michelin_2266+tripadvisor_55392+tripadvisor_59403+tripadvisor_60079","{madrid|madrid|madrid|madrid}","madrid",,
"Name","1.0","Name-{michelin_3829+tripadvisor_70239}","michelin_3829+tripadvisor_70239","{20 eiffel|20 eiffel}","20 eiffel",,
"Name","0.0","Name-{michelin_1498+tripadvisor_79658}","michelin_1498+tripadvisor_79658","{substance|cuistance}","substance",,
"Name","1.0","Name-{michelin_1455+tripadvisor_72444}","michelin_1455+tripadvisor_72444","{divellec|divellec}","divellec",,
"City","1.0","City-{michelin_1253+tripadvisor_50617}","michelin_1253+tripadvisor_50617","{lyon|lyon}","lyon",,
"City","1.0","City-{michelin_774+tripadvisor_99}","michelin_774+tripadvisor_99","{amsterdam|amsterdam}","amsterdam",,
"Name","0.0","Name-{michelin_4214+tripadvisor_76203}","michelin_4214+tripadvisor_76203","{double dragon|gold dragon}","double dragon",,
"City","1.0","City-{michelin_672+tripadvisor_30109}","michelin_672+tripadvisor_30109","{helsinki|helsinki}","helsinki",,
"Name","1.0","Name-{michelin_1096+tripadvisor_70735}","michelin_1096+tripadvisor_70735","{abri|abri}","abri",,
"City","1.0","City-{michelin_2276+tripadvisor_53747}","michelin_2276+tripadvisor_53747","{madrid|madrid}","madrid",,
"Name","1.0","Name-{michelin_5730+tripadvisor_82425}","michelin_5730+tripadvisor_82425","{divinis|divinis}","divinis",,
"City","1.0","City-{michelin_1074+tripadvisor_70111}","michelin_1074+tripadvisor_70111","{paris|paris}","paris",,
"Name","1.0","Name-{michelin_1059+tripadvisor_70293}","michelin_1059+tripadvisor_70293","{tomy & co|tomy & co}","tomy & co",,
"Name","1.0","Name-{michelin_3828+tripadvisor_73602}","michelin_3828+tripadvisor_73602","{kisin|kisin}","kisin",,
"City","1.0","City-{michelin_1455+tripadvisor_72444}","michelin_1455+tripadvisor_72444","{paris|paris}","paris",,
"Name","1.0","Name-{michelin_2735+tripadvisor_60777}","michelin_2735+tripadvisor_60777","{joia|joia}","joia",,
"Name","1.0","Name-{michelin_3103+tripadvisor_20294}","michelin_3103+tripadvisor_20294","{borkonyha winekitchen|borkonyha winekitchen}","borkonyha winekitchen",,
"Name","0.0","Name-{michelin_4211+tripadvisor_73048}","michelin_4211+tripadvisor_73048","{impérial choisy|imperial choisy}","impérial choisy",,
"Name","1.0","Name-{michelin_674+tripadvisor_22482}","michelin_674+tripadvisor_22482","{kiin kiin|kiin kiin}","kiin kiin",,
"Name","1.0","Name-{michelin_1482+tripadvisor_71082}","michelin_1482+tripadvisor_71082","{accents table bourse|accents table bourse}","accents table bourse",,
"City","1.0","City-{michelin_827+tripadvisor_51}","michelin_827+tripadvisor_51","{amsterdam|amsterdam}","amsterdam",,
"City","1.0","City-{michelin_4024+tripadvisor_50531}","michelin_4024+tripadvisor_50531","{lyon|lyon}","lyon",,
"City","1.0","City-{michelin_152+tripadvisor_22596}","michelin_152+tripadvisor_22596","{copenhagen|copenhagen}","copenhagen",,
"City","1.0","City-{michelin_3936+michelin_3954+tripadvisor_50417+tripadvisor_50494+tripadvisor_50636+tripadvisor_51980}","michelin_3936+michelin_3954+tripadvisor_50417+tripadvisor_50494+tripadvisor_50636+tripadvisor_51980","{lyon|lyon|lyon|lyon|lyon|lyon}","lyon",,
"Name","0.0","Name-{michelin_2813+tripadvisor_82457}","michelin_2813+tripadvisor_82457","{la degustation bohême bourgeoise|la degustation boheme bourgeoise}","la degustation bohême bourgeoise",,
"Name","0.0","Name-{michelin_3885+tripadvisor_72786}","michelin_3885+tripadvisor_72786","{le caillebotte|la paillote}","le caillebotte",,
"City","1.0","City-{michelin_155+tripadvisor_91862}","michelin_155+tripadvisor_91862","{stockholm|stockholm}","stockholm",,
"City","1.0","City-{michelin_1064+tripadvisor_71473+tripadvisor_76009}","michelin_1064+tripadvisor_71473+tripadvisor_76009","{paris|paris|paris}","paris",,
"City","1.0","City-{michelin_5708+tripadvisor_90114}","michelin_5708+tripadvisor_90114","{rome|rome}","rome",,
"City","1.0","City-{michelin_2737+tripadvisor_60805}","michelin_2737+tripadvisor_60805","{milan|milan}","milan",,
"City","1.0","City-{michelin_235+tripadvisor_70238}","michelin_235+tripadvisor_70238","{paris|paris}","paris",,
"Name","1.0","Name-{michelin_1128+tripadvisor_71366}","michelin_1128+tripadvisor_71366","{lucas carton|lucas carton}","lucas carton",,
"Name","0.25","Name-{michelin_5152+tripadvisor_52838+tripadvisor_54178+tripadvisor_54316+tripadvisor_54742+tripadvisor_54880+tripadvisor_57334+tripadvisor_59481}","michelin_5152+tripadvisor_52838+tripadvisor_54178+tripadvisor_54316+tripadvisor_54742+tripadvisor_54880+tripadvisor_57334+tripadvisor_59481","{la montería|la monteria|la conserva|la montana|la lonjeria|la morera|la manjeria|la montana}","la conserva",,
"City","1.0","City-{michelin_5711+tripadvisor_88988}","michelin_5711+tripadvisor_88988","{rome|rome}","rome",,
"Name","0.6666666666666666","Name-{michelin_3369+tripadvisor_91832+tripadvisor_92609}","michelin_3369+tripadvisor_91832+tripadvisor_92609","{lilla ego|lilla ego|lilla ekot}","lilla ekot",,
"City","1.0","City-{michelin_1052+tripadvisor_71260}","michelin_1052+tripadvisor_71260","{paris|paris}","paris",,
"City","1.0","City-{michelin_25+tripadvisor_69943}","michelin_25+tripadvisor_69943","{paris|paris}","paris",,
"City","1.0","City-{michelin_4676+tripadvisor_94155+tripadvisor_94367+tripadvisor_94603+tripadvisor_94988+tripadvisor_95601+tripadvisor_95666+tripadvisor_96304+tripadvisor_96535+tripadvisor_96550}","michelin_4676+tripadvisor_94155+tripadvisor_94367+tripadvisor_94603+tripadvisor_94988+tripadvisor_95601+tripadvisor_95666+tripadvisor_96304+tripadvisor_96535+tripadvisor_96550","{vienna|vienna|vienna|vienna|vienna|vienna|vienna|vienna|vienna|vienna}","vienna",,
"City","1.0","City-{michelin_922+tripadvisor_17720}","michelin_922+tripadvisor_17720","{uccle|uccle}","uccle",,
"Name","0.0","Name-{michelin_2736+tripadvisor_63398}","michelin_2736+tripadvisor_63398","{l’alchimia|alchimie}","l’alchimia",,
"City","1.0","City-{michelin_1447+tripadvisor_70153}","michelin_1447+tripadvisor_70153","{paris|paris}","paris",,
"Name","1.0","Name-{michelin_1731+tripadvisor_66082}","michelin_1731+tripadvisor_66082","{les deux|les deux}","les deux",,
"Name","1.0","Name-{michelin_6+tripadvisor_22475}","michelin_6+tripadvisor_22475","{noma|noma}","noma",,
"Name","1.0","Name-{michelin_2734+tripadvisor_60709}","michelin_2734+tripadvisor_60709","{contraste|contraste}","contraste",,
"City","1.0","City-{michelin_1066+michelin_1092+tripadvisor_70300+tripadvisor_70346}","michelin_1066+michelin_1092+tripadvisor_70300+tripadvisor_70346","{paris|paris|paris|paris}","paris",,
"City","1.0","City-{michelin_1077+tripadvisor_70349}","michelin_1077+tripadvisor_70349","{paris|paris}","paris",,
"Name","0.0","Name-{michelin_3649+tripadvisor_18959}","michelin_3649+tripadvisor_18959","{appel thaï|appelthai}","appel thaï",,
"Name","1.0","Name-{michelin_4670+tripadvisor_94257}","michelin_4670+tripadvisor_94257","{diningruhm|diningruhm}","diningruhm",,
"City","1.0","City-{michelin_1295+tripadvisor_50444+tripadvisor_52340}","michelin_1295+tripadvisor_50444+tripadvisor_52340","{lyon|lyon|lyon}","lyon",,
"City","1.0","City-{michelin_3826+tripadvisor_70922+tripadvisor_72908+tripadvisor_74570+tripadvisor_77783}","michelin_3826+tripadvisor_70922+tripadvisor_72908+tripadvisor_74570+tripadvisor_77783","{paris|paris|paris|paris|paris}","paris",,
"City","1.0","City-{michelin_1727+tripadvisor_66106}","michelin_1727+tripadvisor_66106","{munich|munich}","munich",,
"Name","0.0","Name-{michelin_3433+tripadvisor_926}","michelin_3433+tripadvisor_926","{café caron|cafe caron}","café caron",,
"City","1.0","City-{michelin_361+michelin_4674+tripadvisor_94259+tripadvisor_95774+tripadvisor_96800}","michelin_361+michelin_4674+tripadvisor_94259+tripadvisor_95774+tripadvisor_96800","{vienna|vienna|vienna|vienna|vienna}","vienna",,
"Name","1.0","Name-{michelin_225+tripadvisor_69960}","michelin_225+tripadvisor_69960","{le taillevent|le taillevent}","le taillevent",,
"Name","0.6666666666666666","Name-{michelin_1295+tripadvisor_50444+tripadvisor_52340}","michelin_1295+tripadvisor_50444+tripadvisor_52340","{les loges|les loges|les berges}","les berges",,
"Name","1.0","Name-{michelin_2779+tripadvisor_86898}","michelin_2779+tripadvisor_86898","{per me giulio terrinoni|per me giulio terrinoni}","per me giulio terrinoni",,
"Name","1.0","Name-{michelin_3526+tripadvisor_233}","michelin_3526+tripadvisor_233","{auberge jean & marie|auberge jean & marie}","auberge jean & marie",,
"Name","0.6666666666666666","Name-{michelin_111+tripadvisor_86791+tripadvisor_87901}","michelin_111+tripadvisor_86791+tripadvisor_87901","{la pergola|la pergola|la regola}","la pergola",,
"Name","1.0","Name-{michelin_3107+tripadvisor_20275}","michelin_3107+tripadvisor_20275","{costes downtown|costes downtown}","costes downtown",,
"City","1.0","City-{michelin_2773+tripadvisor_86933}","michelin_2773+tripadvisor_86933","{rome|rome}","rome",,
"City","1.0","City-{michelin_1045+michelin_3825+tripadvisor_70355}","michelin_1045+michelin_3825+tripadvisor_70355","{paris|paris|paris}","paris",,
"City","1.0","City-{michelin_5152+tripadvisor_52838+tripadvisor_54178+tripadvisor_54316+tripadvisor_54742+tripadvisor_54880+tripadvisor_57334+tripadvisor_59481}","michelin_5152+tripadvisor_52838+tripadvisor_54178+tripadvisor_54316+tripadvisor_54742+tripadvisor_54880+tripadvisor_57334+tripadvisor_59481","{madrid|madrid|madrid|madrid|madrid|madrid|madrid|madrid}","madrid",,
"City","1.0","City-{michelin_2740+tripadvisor_61018}","michelin_2740+tripadvisor_61018","{milan|milan}","milan",,
"City","1.0","City-{michelin_5686+tripadvisor_60996+tripadvisor_61786}","michelin_5686+tripadvisor_60996+tripadvisor_61786","{milan|milan|milan}","milan",,
"Name","1.0","Name-{michelin_3861+tripadvisor_72254}","michelin_3861+tripadvisor_72254","{aux plumes|aux plumes}","aux plumes",,
"City","1.0","City-{michelin_415+tripadvisor_53481}","michelin_415+tripadvisor_53481","{madrid|madrid}","madrid",,
"Name","0.2","Name-{michelin_4676+tripadvisor_94155+tripadvisor_94367+tripadvisor_94603+tripadvisor_94988+tripadvisor_95601+tripadvisor_95666+tripadvisor_96304+tripadvisor_96535+tripadvisor_96550}","michelin_4676+tripadvisor_94155+tripadvisor_94367+tripadvisor_94603+tripadvisor_94988+tripadvisor_95601+tripadvisor_95666+tripadvisor_96304+tripadvisor_96535+tripadvisor_96550","{gasthaus seidl|gasthaus pfudl|gasthaus ubl|gasthaus sagmeister|gasthaus seidl|gasthaus sapa|gasthaus bauer|gasthaus krippl|gasthaus sudy|gasthaus lendl}","gasthaus sagmeister",,
"Name","0.0","Name-{michelin_235+tripadvisor_70238}","michelin_235+tripadvisor_70238","{le grand restaurant - jean-françois piège|le grand restaurant jean francois piege}","le grand restaurant - jean-françois piège",,
"Name","0.6666666666666666","Name-{michelin_3838+tripadvisor_70215+tripadvisor_76687}","michelin_3838+tripadvisor_70215+tripadvisor_76687","{le pantruche|le pantruche|la pantoche}","le pantruche",,
"Name","0.0","Name-{michelin_774+tripadvisor_99}","michelin_774+tripadvisor_99","{rijks®|rijks}","rijks®",,
"Name","0.2222222222222222","Name-{michelin_3860+tripadvisor_70490+tripadvisor_71358+tripadvisor_73358+tripadvisor_76386+tripadvisor_76569+tripadvisor_76913+tripadvisor_79056+tripadvisor_80705}","michelin_3860+tripadvisor_70490+tripadvisor_71358+tripadvisor_73358+tripadvisor_76386+tripadvisor_76569+tripadvisor_76913+tripadvisor_79056+tripadvisor_80705","{les petits parisiens|les petits plats|les petits papiers|les petites sorcieres|les petits chandeliers|le petit parisien|le petit paris|le petit paris|le petit laotien}","les petits chandeliers",,
"City","1.0","City-{michelin_3374+tripadvisor_22479}","michelin_3374+tripadvisor_22479","{copenhagen|copenhagen}","copenhagen",,
"Name","0.6666666666666666","Name-{michelin_798+tripadvisor_1371+tripadvisor_343}","michelin_798+tripadvisor_1371+tripadvisor_343","{the duchess|the butcher|the duchess}","the duchess",,
"Name","1.0","Name-{michelin_3948+tripadvisor_50402}","michelin_3948+tripadvisor_50402","{la table 101|la table 101}","la table 101",,
"City","1.0","City-{michelin_757+tripadvisor_262}","michelin_757+tripadvisor_262","{amsterdam|amsterdam}","amsterdam",,
"City","1.0","City-{michelin_1096+tripadvisor_70735}","michelin_1096+tripadvisor_70735","{paris|paris}","paris",,
"Name","1.0","Name-{michelin_3827+tripadvisor_71675}","michelin_3827+tripadvisor_71675","{abri soba|abri soba}","abri soba",,
"Name","0.6666666666666666","Name-{michelin_1521+tripadvisor_72356+tripadvisor_79611}","michelin_1521+tripadvisor_72356+tripadvisor_79611","{la condesa|la condesa|la bodega}","la condesa",,
"City","1.0","City-{michelin_3103+tripadvisor_20294}","michelin_3103+tripadvisor_20294","{budapest|budapest}","budapest",,
"Name","1.0","Name-{michelin_2264+tripadvisor_55846+tripadvisor_60311}","michelin_2264+tripadvisor_55846+tripadvisor_60311","{el invernadero|el invernadero|el invernadero}","el invernadero",,
"City","1.0","City-{michelin_3948+tripadvisor_50402}","michelin_3948+tripadvisor_50402","{lyon|lyon}","lyon",,
"Name","1.0","Name-{michelin_2265+tripadvisor_52946}","michelin_2265+tripadvisor_52946","{kabuki|kabuki}","kabuki",,
"City","1.0","City-{michelin_4196+tripadvisor_70116+tripadvisor_75636+tripadvisor_76475}","michelin_4196+tripadvisor_70116+tripadvisor_75636+tripadvisor_76475","{paris|paris|paris|paris}","paris",,
"Name","0.6666666666666666","Name-{michelin_1412+tripadvisor_70200+tripadvisor_81038}","michelin_1412+tripadvisor_70200+tripadvisor_81038","{tour d'argent|tour d'argent|lac d'argent}","tour d'argent",,
"Name","0.6666666666666666","Name-{michelin_1046+tripadvisor_75390+tripadvisor_77220}","michelin_1046+tripadvisor_75390+tripadvisor_77220","{automne|automne|antoine}","automne",,
"Name","0.4","Name-{michelin_3451+tripadvisor_2145+tripadvisor_2156+tripadvisor_316+tripadvisor_498}","michelin_3451+tripadvisor_2145+tripadvisor_2156+tripadvisor_316+tripadvisor_498","{brasserie van baerle|brasserie van noordt|brasserie lairesse|brasserie van baerle|brasserie van dam}","brasserie van baerle",,
"City","1.0","City-{michelin_679+tripadvisor_22607}","michelin_679+tripadvisor_22607","{copenhagen|copenhagen}","copenhagen",,
"Name","1.0","Name-{michelin_25+tripadvisor_69943}","michelin_25+tripadvisor_69943","{pierre gagnaire|pierre gagnaire}","pierre gagnaire",,
"Name","1.0","Name-{michelin_2122+tripadvisor_32376}","michelin_2122+tripadvisor_32376","{100 maneiras|100 maneiras}","100 maneiras",,
"City","1.0","City-{michelin_935+tripadvisor_17586}","michelin_935+tripadvisor_17586","{jette|jette}","jette",,
"City","1.0","City-{michelin_255+tripadvisor_50387}","michelin_255+tripadvisor_50387","{lyon|lyon}","lyon",,
"Name","0.6666666666666666","Name-{michelin_1064+tripadvisor_71473+tripadvisor_76009}","michelin_1064+tripadvisor_71473+tripadvisor_76009","{l'écrin|l'ecrin|l'ecrin}","l'ecrin",,
"City","1.0","City-{michelin_3433+tripadvisor_926}","michelin_3433+tripadvisor_926","{amsterdam|amsterdam}","amsterdam",,
"Name","0.3333333333333333","Name-{michelin_3883+michelin_4153+tripadvisor_71128+tripadvisor_75669+tripadvisor_76737+tripadvisor_77515}","michelin_3883+michelin_4153+tripadvisor_71128+tripadvisor_75669+tripadvisor_76737+tripadvisor_77515","{clamato|mamagoto|clamato|yamamoto|yamato|yamato}","yamamoto",,
"Name","0.0","Name-{michelin_1072+tripadvisor_69940+tripadvisor_74167+tripadvisor_77803}","michelin_1072+tripadvisor_69940+tripadvisor_74167+tripadvisor_77803","{114, faubourg|le 114 faubourg|24 faubourg|cafe faubourg}","le 114 faubourg",,
"Name","1.0","Name-{michelin_2740+tripadvisor_61018}","michelin_2740+tripadvisor_61018","{tano passami l'olio|tano passami l'olio}","tano passami l'olio",,
"City","1.0","City-{michelin_3369+tripadvisor_91832+tripadvisor_92609}","michelin_3369+tripadvisor_91832+tripadvisor_92609","{stockholm|stockholm|stockholm}","stockholm",,
"City","1.0","City-{michelin_3831+tripadvisor_70001+tripadvisor_77349}","michelin_3831+tripadvisor_70001+tripadvisor_77349","{paris|paris|paris}","paris",,
"City","1.0","City-{michelin_333+tripadvisor_66140}","michelin_333+tripadvisor_66140","{munich|munich}","munich",,
"Name","0.6666666666666666","Name-{michelin_3850+tripadvisor_70840+tripadvisor_71140}","michelin_3850+tripadvisor_70840+tripadvisor_71140","{jouvence|pouzenc|jouvence}","jouvence",,
"Name","0.5","Name-{michelin_4196+tripadvisor_70116+tripadvisor_75636+tripadvisor_76475}","michelin_4196+tripadvisor_70116+tripadvisor_75636+tripadvisor_76475","{le casse noix|le casse noix|le cassini|le cadre noir}","le casse noix",,
"City","1.0","City-{michelin_18+tripadvisor_69929}","michelin_18+tripadvisor_69929","{paris|paris}","paris",,
"City","1.0","City-{michelin_1731+tripadvisor_66082}","michelin_1731+tripadvisor_66082","{munich|munich}","munich",,
"Name","0.6666666666666666","Name-{michelin_5686+tripadvisor_60996+tripadvisor_61786}","michelin_5686+tripadvisor_60996+tripadvisor_61786","{da giannino - l'angolo d'abruzzo|da giannino - l'angolo d'abruzzo|da giannino l'angolo d'abruzzo 2}","da giannino - l'angolo d'abruzzo",,
"Name","1.0","Name-{michelin_155+tripadvisor_91862}","michelin_155+tripadvisor_91862","{gastrologik|gastrologik}","gastrologik",,
"Name","1.0","Name-{michelin_1077+tripadvisor_70349}","michelin_1077+tripadvisor_70349","{virtus|virtus}","virtus",,
"City","1.0","City-{michelin_3371+tripadvisor_91953}","michelin_3371+tripadvisor_91953","{stockholm|stockholm}","stockholm",,
"Name","1.0","Name-{michelin_1447+tripadvisor_70153}","michelin_1447+tripadvisor_70153","{le violon d'ingres|le violon d'ingres}","le violon d'ingres",,
"City","1.0","City-{michelin_1068+tripadvisor_72481+tripadvisor_72992+tripadvisor_74436+tripadvisor_77363+tripadvisor_77932+tripadvisor_78025+tripadvisor_78277+tripadvisor_78357+tripadvisor_78842+tripadvisor_79118+tripadvisor_80679+tripadvisor_81386+tripadvisor_82022+tripadvisor_82196}","michelin_1068+tripadvisor_72481+tripadvisor_72992+tripadvisor_74436+tripadvisor_77363+tripadvisor_77932+tripadvisor_78025+tripadvisor_78277+tripadvisor_78357+tripadvisor_78842+tripadvisor_79118+tripadvisor_80679+tripadvisor_81386+tripadvisor_82022+tripadvisor_82196","{paris|paris|paris|paris|paris|paris|paris|paris|paris|paris|paris|paris|paris|paris|paris}","paris",,
"Name","0.0","Name-{michelin_15+tripadvisor_70031}","michelin_15+tripadvisor_70031","{le pré catelan|le pre catelan}","le pre catelan",,
"Name","0.5","Name-{michelin_4171+tripadvisor_69994+tripadvisor_78152+tripadvisor_82195}","michelin_4171+tripadvisor_69994+tripadvisor_78152+tripadvisor_82195","{bistrotters|bistrotters|bistrot 32|bistrot geo}","bistrotters",,
"Name","0.0","Name-{michelin_1979+tripadvisor_94919}","michelin_1979+tripadvisor_94919","{pramerl & the wolf|pramerlandthe wolf}","pramerlandthe wolf",,
"City","1.0","City-{michelin_1067+tripadvisor_69988+tripadvisor_70062}","michelin_1067+tripadvisor_69988+tripadvisor_70062","{paris|paris|paris}","paris",,
"City","1.0","City-{michelin_5712+tripadvisor_87956}","michelin_5712+tripadvisor_87956","{rome|rome}","rome",,
"City","1.0","City-{michelin_2736+tripadvisor_63398}","michelin_2736+tripadvisor_63398","{milan|milan}","milan",,
"City","1.0","City-{michelin_5144+tripadvisor_52858+tripadvisor_53742+tripadvisor_58694}","michelin_5144+tripadvisor_52858+tripadvisor_53742+tripadvisor_58694","{madrid|madrid|madrid|madrid}","madrid",,
"City","1.0","City-{michelin_1072+tripadvisor_69940+tripadvisor_74167+tripadvisor_77803}","michelin_1072+tripadvisor_69940+tripadvisor_74167+tripadvisor_77803","{paris|paris|paris|paris}","paris",,
"City","1.0","City-{michelin_20+michelin_220+tripadvisor_69931+tripadvisor_71342+tripadvisor_71376+tripadvisor_72694+tripadvisor_73454+tripadvisor_77908+tripadvisor_78874+tripadvisor_81242}","michelin_20+michelin_220+tripadvisor_69931+tripadvisor_71342+tripadvisor_71376+tripadvisor_72694+tripadvisor_73454+tripadvisor_77908+tripadvisor_78874+tripadvisor_81242","{paris|paris|paris|paris|paris|paris|paris|paris|paris|paris}","paris",,
"Name","1.0","Name-{michelin_1079+tripadvisor_69927}","michelin_1079+tripadvisor_69927","{aspic|aspic}","aspic",,
"City","1.0","City-{michelin_3649+tripadvisor_18959}","michelin_3649+tripadvisor_18959","{anderlecht|anderlecht}","anderlecht",,
"City","1.0","City-{michelin_1422+tripadvisor_69937}","michelin_1422+tripadvisor_69937","{paris|paris}","paris",,
"City","1.0","City-{michelin_1521+tripadvisor_72356+tripadvisor_79611}","michelin_1521+tripadvisor_72356+tripadvisor_79611","{paris|paris|paris}","paris",,
"City","1.0","City-{michelin_3662+tripadvisor_17588}","michelin_3662+tripadvisor_17588","{jette|jette}","jette",,
"Name","1.0","Name-{michelin_3522+tripadvisor_123}","michelin_3522+tripadvisor_123","{arles|arles}","arles",,
"Name","0.0","Name-{michelin_7+tripadvisor_92050}","michelin_7+tripadvisor_92050","{frantzén|frantzen}","frantzén",,
"City","1.0","City-{michelin_5688+tripadvisor_61708}","michelin_5688+tripadvisor_61708","{milan|milan}","milan",,
"Name","1.0","Name-{michelin_1058+tripadvisor_72331}","michelin_1058+tripadvisor_72331","{le sergent recruteur|le sergent recruteur}","le sergent recruteur",,
"City","1.0","City-{michelin_5154+tripadvisor_52844}","michelin_5154+tripadvisor_52844","{madrid|madrid}","madrid",,
"Name","0.6666666666666666","Name-{michelin_4165+tripadvisor_71426+tripadvisor_78731}","michelin_4165+tripadvisor_71426+tripadvisor_78731","{la méditerranée|la mediterranee|la mediterranee}","la mediterranee",,
"Name","1.0","Name-{michelin_5703+tripadvisor_86934}","michelin_5703+tripadvisor_86934","{trattoria pennestri|trattoria pennestri}","trattoria pennestri",,
"City","1.0","City-{michelin_7+tripadvisor_92050}","michelin_7+tripadvisor_92050","{stockholm|stockholm}","stockholm",,
"Name","0.0","Name-{michelin_832+tripadvisor_129+tripadvisor_1677+tripadvisor_1752+tripadvisor_21+tripadvisor_2162+tripadvisor_2362+tripadvisor_2380+tripadvisor_2710+tripadvisor_2890+tripadvisor_29+tripadvisor_388}","michelin_832+tripadvisor_129+tripadvisor_1677+tripadvisor_1752+tripadvisor_21+tripadvisor_2162+tripadvisor_2362+tripadvisor_2380+tripadvisor_2710+tripadvisor_2890+tripadvisor_29+tripadvisor_388","{lars amsterdam|blue amsterdam|zoku amsterdam|kfc amsterdam|mos amsterdam|dok amsterdam|febo amsterdam|leuk amsterdam|yuki amsterdam|bff amsterdam|max amsterdam|ibericus amsterdam}","ibericus amsterdam",,
"Name","1.0","Name-{michelin_3529+tripadvisor_338}","michelin_3529+tripadvisor_338","{rijsel|rijsel}","rijsel",,
"Name","0.0","Name-{michelin_3356+tripadvisor_22515}","michelin_3356+tripadvisor_22515","{kødbyens fiskebar|kodbyens fiskebar}","kødbyens fiskebar",,
"Name","0.0","Name-{michelin_197+tripadvisor_18372}","michelin_197+tripadvisor_18372","{le chalet de la forêt|le chalet de la foret}","le chalet de la foret",,
"City","1.0","City-{michelin_2811+tripadvisor_3006}","michelin_2811+tripadvisor_3006","{athens|athens}","athens",,
"City","1.0","City-{michelin_3835+tripadvisor_70634}","michelin_3835+tripadvisor_70634","{paris|paris}","paris",,
"City","1.0","City-{michelin_229+tripadvisor_70318}","michelin_229+tripadvisor_70318","{paris|paris}","paris",,
"Name","0.0","Name-{michelin_5144+tripadvisor_52858+tripadvisor_53742+tripadvisor_58694}","michelin_5144+tripadvisor_52858+tripadvisor_53742+tripadvisor_58694","{taberna úbeda|taberna laredo|taberna ubeda|taberna griega}","taberna laredo",,
"City","1.0","City-{michelin_4149+tripadvisor_70386}","michelin_4149+tripadvisor_70386","{paris|paris}","paris",,
"Name","0.6666666666666666","Name-{michelin_1977+tripadvisor_94107+tripadvisor_95223}","michelin_1977+tripadvisor_94107+tripadvisor_95223","{edvard|edvard|eduardo}","eduardo",,
"City","1.0","City-{michelin_4536+tripadvisor_66237}","michelin_4536+tripadvisor_66237","{munich|munich}","munich",,
"Name","1.0","Name-{michelin_4536+tripadvisor_66237}","michelin_4536+tripadvisor_66237","{brasserie colette tim raue|brasserie colette tim raue}","brasserie colette tim raue",,
"Name","0.6666666666666666","Name-{michelin_1067+tripadvisor_69988+tripadvisor_70062}","michelin_1067+tripadvisor_69988+tripadvisor_70062","{ze kitchen galerie|ze kitchen galerie|kitchen galerie bis}","kitchen galerie bis",,
"City","1.0","City-{michelin_360+tripadvisor_94111+tripadvisor_97112}","michelin_360+tripadvisor_94111+tripadvisor_97112","{vienna|vienna|vienna}","vienna",,
"City","1.0","City-{michelin_2766+tripadvisor_86878}","michelin_2766+tripadvisor_86878","{rome|rome}","rome",,
"City","1.0","City-{michelin_5146+tripadvisor_53597}","michelin_5146+tripadvisor_53597","{madrid|madrid}","madrid",,
"City","1.0","City-{michelin_2265+tripadvisor_52946}","michelin_2265+tripadvisor_52946","{madrid|madrid}","madrid",,
"Name","1.0","Name-{michelin_4946+tripadvisor_33591}","michelin_4946+tripadvisor_33591","{saraiva's|saraiva's}","saraiva's",,
"City","1.0","City-{michelin_4946+tripadvisor_33591}","michelin_4946+tripadvisor_33591","{lisbon|lisbon}","lisbon",,
"Name","1.0","Name-{michelin_1512+tripadvisor_70857}","michelin_1512+tripadvisor_70857","{nakatani|nakatani}","nakatani",,
"City","1.0","City-{michelin_1058+tripadvisor_72331}","michelin_1058+tripadvisor_72331","{paris|paris}","paris",,
"Name","1.0","Name-{michelin_5154+tripadvisor_52844}","michelin_5154+tripadvisor_52844","{bacira|bacira}","bacira",,
"City","1.0","City-{michelin_15+tripadvisor_70031}","michelin_15+tripadvisor_70031","{paris|paris}","paris",,
"City","1.0","City-{michelin_1046+tripadvisor_75390+tripadvisor_77220}","michelin_1046+tripadvisor_75390+tripadvisor_77220","{paris|paris|paris}","paris",,
"City","1.0","City-{michelin_1475+tripadvisor_71555}","michelin_1475+tripadvisor_71555","{paris|paris}","paris",,
"City","1.0","City-{michelin_1079+tripadvisor_69927}","michelin_1079+tripadvisor_69927","{paris|paris}","paris",,
"Name","1.0","Name-{michelin_1727+tripadvisor_66106}","michelin_1727+tripadvisor_66106","{tian|tian}","tian",,
"Name","1.0","Name-{michelin_3835+tripadvisor_70634}","michelin_3835+tripadvisor_70634","{les tables d'augustin|les tables d'augustin}","les tables d'augustin",,
"City","1.0","City-{michelin_796+tripadvisor_3}","michelin_796+tripadvisor_3","{amsterdam|amsterdam}","amsterdam",,
"City","1.0","City-{michelin_3529+tripadvisor_338}","michelin_3529+tripadvisor_338","{amsterdam|amsterdam}","amsterdam",,
"City","1.0","City-{michelin_3522+tripadvisor_123}","michelin_3522+tripadvisor_123","{amsterdam|amsterdam}","amsterdam",,
"Name","1.0","Name-{michelin_754+tripadvisor_251}","michelin_754+tripadvisor_251","{ron gastrobar|ron gastrobar}","ron gastrobar",,
"City","1.0","City-{michelin_3107+tripadvisor_20275}","michelin_3107+tripadvisor_20275","{budapest|budapest}","budapest",,
"Name","1.0","Name-{michelin_5688+tripadvisor_61708}","michelin_5688+tripadvisor_61708","{la cucina dei frigoriferi milanesi|la cucina dei frigoriferi milanesi}","la cucina dei frigoriferi milanesi",,
